-- # Jukebox
-- # By Rochet2
-- # Downloaded from http://code.google.com/p/teleportnpcmangostrinity/
-- # Bugs and contact with E-mail: Rochet2@post.com
-- # Start

-- -----------------------------------------------------------------------------------------------------------------------------
-- # Defining what the entries and numbers are. Change if something overwrites something in your database

SET @JUKENPC := 300001; -- # (1)
SET @GOPTION := 30009; -- # (9)
SET @GMENU := @GOPTION; -- # (9) Changes as Goption changes
SET @GSCRIPT := 30135; -- # (130)
SET @NPCTXT := 300008; -- # (5)
SET @NPCNAME := 'PDS-4TC JukeBox'; -- # (1)
-- -----------------------------------------------------------------------------------------------------------------------------
-- # Delete code (For re running)

DELETE FROM creature_template WHERE entry=@JUKENPC;
DELETE FROM npc_text WHERE ID<@NPCTXT+7 AND ID>@NPCTXT-1;
DELETE FROM gossip_scripts WHERE id>@GSCRIPT-1 AND id<@GSCRIPT+628;
DELETE FROM gossip_menu_option WHERE menu_id>@GOPTION-1 AND menu_id<@GOPTION+46;
DELETE FROM gossip_menu WHERE entry>@GMENU-1 AND entry<@GMENU+46;

-- -----------------------------------------------------------------------------------------------------------------------------
-- # JukeNPC

INSERT INTO creature_template (entry, modelid1, modelid2, modelid3, modelid4, name, subname, IconName, gossip_menu_id, minlevel, maxlevel, exp, faction_A, faction_H, npcflag, speed_walk, speed_run, scale, rank, dmgschool, attackpower, dmg_multiplier, baseattacktime, rangeattacktime, unit_class, unit_flags, dynamicflags, type, type_flags, VehicleId, AIName, MovementType, InhabitType, Health_mod, Mana_mod, Armor_mod, movementId, RegenHealth, mechanic_immune_mask, flags_extra, ScriptName) 
VALUES (@JUKENPC, 21661, 21661, 0, 0, @NPCNAME, NULL, 'interact', @GOPTION, 71, 71, 0, 35, 35, 3, 1, 1.14286, 1.25, 1, 0, 0, 1, 0, 0, 1, 2, 0, 7, 138936390, 0, '', 0, 3, 1.56, 1.56, 1.56, 0, 1, 0, 2, '');

-- -----------------------------------------------------------------------------------------------------------------------------
-- # Linking texts to the menus

INSERT INTO gossip_menu (entry, text_id) VALUES 
(@GMENU, @NPCTXT),
(@GMENU+1, @NPCTXT+2),
(@GMENU+2, @NPCTXT+2),
(@GMENU+3, @NPCTXT+2),
(@GMENU+4, @NPCTXT+2),
(@GMENU+5, @NPCTXT+2),
(@GMENU+6, @NPCTXT+2),
(@GMENU+7, @NPCTXT+2),
(@GMENU+8, @NPCTXT+2),
(@GMENU+9, @NPCTXT+2),
(@GMENU+10, @NPCTXT+2),
(@GMENU+11, @NPCTXT+2),
(@GMENU+12, @NPCTXT+2),
(@GMENU+13, @NPCTXT+2),
(@GMENU+14, @NPCTXT+2),
(@GMENU+15, @NPCTXT+2),
(@GMENU+16, @NPCTXT+2),
(@GMENU+17, @NPCTXT+2),
(@GMENU+18, @NPCTXT+2),
(@GMENU+19, @NPCTXT+2),
(@GMENU+20, @NPCTXT+2),
(@GMENU+21, @NPCTXT+2),
(@GMENU+22, @NPCTXT+2),
(@GMENU+23, @NPCTXT+2),
(@GMENU+24, @NPCTXT+2),
(@GMENU+25, @NPCTXT+2),
(@GMENU+26, @NPCTXT+2),
(@GMENU+27, @NPCTXT+2),
(@GMENU+28, @NPCTXT+2),
(@GMENU+29, @NPCTXT+2),
(@GMENU+30, @NPCTXT+2),
(@GMENU+31, @NPCTXT+2),
(@GMENU+32, @NPCTXT+2),
(@GMENU+33, @NPCTXT+2),
(@GMENU+34, @NPCTXT+2),
(@GMENU+35, @NPCTXT+2),
(@GMENU+36, @NPCTXT+1),
(@GMENU+37, @NPCTXT+3),
(@GMENU+38, @NPCTXT+3),
(@GMENU+39, @NPCTXT+3),
(@GMENU+40, @NPCTXT+3),
(@GMENU+41, @NPCTXT+4),
(@GMENU+42, @NPCTXT+5),
(@GMENU+43, @NPCTXT+6),
(@GMENU+44, @NPCTXT+3),
(@GMENU+45, @NPCTXT+3);

-- -----------------------------------------------------------------------------------------------------------------------------
-- # Text shown in the menus

INSERT INTO npc_text (ID, text0_0, em0_1) VALUES 
(@NPCTXT+6, 'Page five$B$B$B Select a song and I will play it.$B$B', 0),
(@NPCTXT+5, 'Page four$B$B$B Select a song and I will play it.$B$B', 0),
(@NPCTXT+4, 'Page three$B$B$B Select a song and I will play it.$B$B', 0),
(@NPCTXT+3, 'Page two$B$B$B Select a song and I will play it.$B$B', 0),
(@NPCTXT+2, 'Page one$B$B$B Select a song and I will play it.$B$B', 0),
(@NPCTXT+1, 'Main menu two$B$B$B What would you like to  hear $C?$B$B', 0),
(@NPCTXT, 'Main menu$B$B$B Hello $N. What would you like to  hear?$B$B', 0);

-- -----------------------------------------------------------------------------------------------------------------------------
-- # Sound scripts

INSERT INTO gossip_scripts (id, delay, command, datalong, datalong2) VALUES 
(@GSCRIPT, 0, 16, 18019, 2),
(@GSCRIPT+1, 0, 16, 14939, 2),
(@GSCRIPT+2, 0, 16, 14942, 2),
(@GSCRIPT+3, 0, 16, 14945, 2),
(@GSCRIPT+4, 0, 16, 14941, 2),
(@GSCRIPT+5, 0, 16, 14943, 2),
(@GSCRIPT+6, 0, 16, 14937, 2),
(@GSCRIPT+7, 0, 16, 14936, 2),
(@GSCRIPT+8, 0, 16, 15861, 2),
(@GSCRIPT+9, 0, 16, 15856, 2),
(@GSCRIPT+10, 0, 16, 15867, 2),
(@GSCRIPT+11, 0, 16, 15864, 2),
(@GSCRIPT+12, 0, 16, 15870, 2),
(@GSCRIPT+13, 0, 16, 13803, 2),
(@GSCRIPT+14, 0, 16, 13801, 2),
(@GSCRIPT+15, 0, 16, 13802, 2),
(@GSCRIPT+16, 0, 16, 17280, 2),
(@GSCRIPT+17, 0, 16, 17287, 2),
(@GSCRIPT+18, 0, 16, 17277, 2),
(@GSCRIPT+19, 0, 16, 17286, 2),
(@GSCRIPT+20, 0, 16, 17459, 2),
(@GSCRIPT+21, 0, 16, 17458, 2),
(@GSCRIPT+22, 0, 16, 17457, 2),
(@GSCRIPT+23, 0, 16, 17460, 2),
(@GSCRIPT+24, 0, 16, 17289, 2),
(@GSCRIPT+25, 0, 16, 17346, 2),
(@GSCRIPT+26, 0, 16, 17283, 2),
(@GSCRIPT+27, 0, 16, 17285, 2),
(@GSCRIPT+28, 0, 16, 17279, 2),
(@GSCRIPT+29, 0, 16, 17282, 2),
(@GSCRIPT+30, 0, 16, 17290, 2),
(@GSCRIPT+31, 0, 16, 17319, 2),
(@GSCRIPT+32, 0, 16, 17278, 2),
(@GSCRIPT+33, 0, 16, 17312, 2),
(@GSCRIPT+34, 0, 16, 17311, 2),
(@GSCRIPT+35, 0, 16, 17288, 2),
(@GSCRIPT+36, 0, 16, 17284, 2),
(@GSCRIPT+37, 0, 16, 17309, 2),
(@GSCRIPT+38, 0, 16, 17310, 2),
(@GSCRIPT+39, 0, 16, 17307, 2),
(@GSCRIPT+40, 0, 16, 17308, 2),
(@GSCRIPT+41, 0, 16, 17306, 2),
(@GSCRIPT+42, 0, 16, 17292, 2),
(@GSCRIPT+43, 0, 16, 17320, 2),
(@GSCRIPT+44, 0, 16, 17291, 2),
(@GSCRIPT+45, 0, 16, 17302, 2),
(@GSCRIPT+46, 0, 16, 17293, 2),
(@GSCRIPT+47, 0, 16, 17303, 2),
(@GSCRIPT+48, 0, 16, 17294, 2),
(@GSCRIPT+49, 0, 16, 17313, 2),
(@GSCRIPT+50, 0, 16, 17314, 2),
(@GSCRIPT+51, 0, 16, 17299, 2),
(@GSCRIPT+52, 0, 16, 17300, 2),
(@GSCRIPT+53, 0, 16, 17295, 2),
(@GSCRIPT+54, 0, 16, 17296, 2),
(@GSCRIPT+55, 0, 16, 17297, 2),
(@GSCRIPT+56, 0, 16, 17298, 2),
(@GSCRIPT+57, 0, 16, 17304, 2),
(@GSCRIPT+58, 0, 16, 17305, 2),
(@GSCRIPT+59, 0, 16, 15852, 2),
(@GSCRIPT+60, 0, 16, 15853, 2),
(@GSCRIPT+61, 0, 16, 15850, 2),
(@GSCRIPT+62, 0, 16, 15851, 2),
(@GSCRIPT+63, 0, 16, 16337, 2),
(@GSCRIPT+64, 0, 16, 11803, 2),
(@GSCRIPT+65, 0, 16, 11810, 2),
(@GSCRIPT+66, 0, 16, 11812, 2),
(@GSCRIPT+67, 0, 16, 11813, 2),
(@GSCRIPT+68, 0, 16, 11811, 2),
(@GSCRIPT+69, 0, 16, 11814, 2),
(@GSCRIPT+70, 0, 16, 11815, 2),
(@GSCRIPT+71, 0, 16, 12319, 2),
(@GSCRIPT+72, 0, 16, 8440, 2),
(@GSCRIPT+73, 0, 16, 13354, 2),
(@GSCRIPT+74, 0, 16, 12325, 2),
(@GSCRIPT+75, 0, 16, 17486, 2),
(@GSCRIPT+76, 0, 16, 17487, 2),
(@GSCRIPT+77, 0, 16, 17485, 2),
(@GSCRIPT+78, 0, 16, 17673, 2),
(@GSCRIPT+79, 0, 16, 17675, 2),
(@GSCRIPT+80, 0, 16, 17676, 2),
(@GSCRIPT+81, 0, 16, 17677, 2),
(@GSCRIPT+82, 0, 16, 8493, 2),
(@GSCRIPT+83, 0, 16, 6669, 2),
(@GSCRIPT+84, 0, 16, 9008, 2),
(@GSCRIPT+85, 0, 16, 15119, 2),
(@GSCRIPT+86, 0, 16, 8452, 2),
(@GSCRIPT+87, 0, 16, 6077, 2),
(@GSCRIPT+88, 0, 16, 6045, 2),
(@GSCRIPT+89, 0, 16, 6078, 2),
(@GSCRIPT+90, 0, 16, 6079, 2),
(@GSCRIPT+91, 0, 16, 6253, 2),
(@GSCRIPT+92, 0, 16, 6350, 2),
(@GSCRIPT+93, 0, 16, 10896, 2),
(@GSCRIPT+94, 0, 16, 10925, 2),
(@GSCRIPT+95, 0, 16, 12765, 2),
(@GSCRIPT+96, 0, 16, 10924, 2),
(@GSCRIPT+97, 0, 16, 5074, 2),
(@GSCRIPT+98, 0, 16, 6080, 2),
(@GSCRIPT+99, 0, 16, 7076, 2),
(@GSCRIPT+100, 0, 16, 7077, 2),
(@GSCRIPT+101, 0, 16, 5035, 2),
(@GSCRIPT+102, 0, 16, 5036, 2),
(@GSCRIPT+103, 0, 16, 5054, 2),
(@GSCRIPT+104, 0, 16, 5474, 2),
(@GSCRIPT+105, 0, 16, 14964, 2),
(@GSCRIPT+106, 0, 16, 2532, 2),
(@GSCRIPT+107, 0, 16, 6794, 2),
(@GSCRIPT+108, 0, 16, 5294, 2),
(@GSCRIPT+109, 0, 16, 6837, 2),
(@GSCRIPT+110, 0, 16, 2541, 2),
(@GSCRIPT+111, 0, 16, 6734, 2),
(@GSCRIPT+112, 0, 16, 5055, 2),
(@GSCRIPT+113, 0, 16, 2902, 2),
(@GSCRIPT+114, 0, 16, 6081, 2),
(@GSCRIPT+115, 0, 16, 6146, 2),
(@GSCRIPT+116, 0, 16, 2901, 2),
(@GSCRIPT+117, 0, 16, 3402, 2),
(@GSCRIPT+118, 0, 16, 5334, 2),
(@GSCRIPT+119, 0, 16, 7318, 2),
(@GSCRIPT+120, 0, 16, 7319, 2),
(@GSCRIPT+121, 0, 16, 7338, 2),
(@GSCRIPT+122, 0, 16, 7519, 2),
(@GSCRIPT+123, 0, 16, 7414, 2),
(@GSCRIPT+124, 0, 16, 7196, 2),
(@GSCRIPT+125, 0, 16, 7341, 2),
(@GSCRIPT+126, 0, 16, 3900, 2),
(@GSCRIPT+127, 0, 16, 3920, 2),
(@GSCRIPT+128, 0, 16, 7794, 2),
(@GSCRIPT+129, 0, 16, 4434, 2),
(@GSCRIPT+130, 0, 16, 5354, 2),
(@GSCRIPT+131, 0, 16, 12137, 2),
(@GSCRIPT+132, 0, 16, 12329, 2),
(@GSCRIPT+133, 0, 16, 11805, 2),
(@GSCRIPT+134, 0, 16, 12328, 2),
(@GSCRIPT+135, 0, 16, 12136, 2),
(@GSCRIPT+136, 0, 16, 4516, 2),
(@GSCRIPT+137, 0, 16, 5234, 2),
(@GSCRIPT+138, 0, 16, 5355, 2),
(@GSCRIPT+139, 0, 16, 11806, 2),
(@GSCRIPT+140, 0, 16, 2525, 2),
(@GSCRIPT+141, 0, 16, 2535, 2),
(@GSCRIPT+142, 0, 16, 2527, 2),
(@GSCRIPT+143, 0, 16, 2537, 2),
(@GSCRIPT+144, 0, 16, 2528, 2),
(@GSCRIPT+145, 0, 16, 2538, 2),
(@GSCRIPT+146, 0, 16, 2523, 2),
(@GSCRIPT+147, 0, 16, 5376, 2),
(@GSCRIPT+148, 0, 16, 2533, 2),
(@GSCRIPT+149, 0, 16, 2524, 2),
(@GSCRIPT+150, 0, 16, 2534, 2),
(@GSCRIPT+151, 0, 16, 2530, 2),
(@GSCRIPT+152, 0, 16, 2540, 2),
(@GSCRIPT+153, 0, 16, 4754, 2),
(@GSCRIPT+154, 0, 16, 5394, 2),
(@GSCRIPT+155, 0, 16, 4755, 2),
(@GSCRIPT+156, 0, 16, 6836, 2),
(@GSCRIPT+157, 0, 16, 7082, 2),
(@GSCRIPT+158, 0, 16, 12530, 2),
(@GSCRIPT+159, 0, 16, 12531, 2),
(@GSCRIPT+160, 0, 16, 12539, 2),
(@GSCRIPT+161, 0, 16, 12534, 2),
(@GSCRIPT+162, 0, 16, 12538, 2),
(@GSCRIPT+163, 0, 16, 12318, 2),
(@GSCRIPT+164, 0, 16, 14929, 2),
(@GSCRIPT+165, 0, 16, 14928, 2),
(@GSCRIPT+166, 0, 16, 14926, 2),
(@GSCRIPT+167, 0, 16, 14923, 2),
(@GSCRIPT+168, 0, 16, 14920, 2),
(@GSCRIPT+169, 0, 16, 14930, 2),
(@GSCRIPT+170, 0, 16, 14919, 2),
(@GSCRIPT+171, 0, 16, 14853, 2),
(@GSCRIPT+172, 0, 16, 14921, 2),
(@GSCRIPT+173, 0, 16, 14898, 2),
(@GSCRIPT+174, 0, 16, 14897, 2),
(@GSCRIPT+175, 0, 16, 14904, 2),
(@GSCRIPT+176, 0, 16, 14896, 2),
(@GSCRIPT+177, 0, 16, 14846, 2),
(@GSCRIPT+178, 0, 16, 14902, 2),
(@GSCRIPT+179, 0, 16, 14893, 2),
(@GSCRIPT+180, 0, 16, 14894, 2),
(@GSCRIPT+181, 0, 16, 10729, 2),
(@GSCRIPT+182, 0, 16, 9991, 2),
(@GSCRIPT+183, 0, 16, 9150, 2),
(@GSCRIPT+184, 0, 16, 10608, 2),
(@GSCRIPT+185, 0, 16, 10855, 2),
(@GSCRIPT+186, 0, 16, 11771, 2),
(@GSCRIPT+187, 0, 16, 10868, 2),
(@GSCRIPT+188, 0, 16, 9786, 2),
(@GSCRIPT+189, 0, 16, 10606, 2),
(@GSCRIPT+190, 0, 16, 10616, 2),
(@GSCRIPT+191, 0, 16, 10617, 2),
(@GSCRIPT+192, 0, 16, 10901, 2),
(@GSCRIPT+193, 0, 16, 10885, 2),
(@GSCRIPT+194, 0, 16, 10613, 2),
(@GSCRIPT+195, 0, 16, 10607, 2),
(@GSCRIPT+196, 0, 16, 10702, 2),
(@GSCRIPT+197, 0, 16, 9785, 2),
(@GSCRIPT+198, 0, 16, 10864, 2),
(@GSCRIPT+199, 0, 16, 10707, 2),
(@GSCRIPT+200, 0, 16, 15048, 2),
(@GSCRIPT+201, 0, 16, 15091, 2),
(@GSCRIPT+202, 0, 16, 12802, 2),
(@GSCRIPT+203, 0, 16, 12803, 2),
(@GSCRIPT+204, 0, 16, 15041, 2),
(@GSCRIPT+205, 0, 16, 15042, 2),
(@GSCRIPT+206, 0, 16, 14952, 2),
(@GSCRIPT+207, 0, 16, 14953, 2),
(@GSCRIPT+208, 0, 16, 12824, 2),
(@GSCRIPT+209, 0, 16, 12825, 2),
(@GSCRIPT+210, 0, 16, 8888, 2),
(@GSCRIPT+211, 0, 16, 8883, 2),
(@GSCRIPT+212, 0, 16, 8890, 2),
(@GSCRIPT+213, 0, 16, 8889, 2),
(@GSCRIPT+214, 0, 16, 8886, 2),
(@GSCRIPT+215, 0, 16, 8885, 2),
(@GSCRIPT+216, 0, 16, 8887, 2),
(@GSCRIPT+217, 0, 16, 8884, 2),
(@GSCRIPT+218, 0, 16, 8687, 2),
(@GSCRIPT+219, 0, 16, 14961, 2),
(@GSCRIPT+220, 0, 16, 12162, 2),
(@GSCRIPT+221, 0, 16, 12157, 2),
(@GSCRIPT+222, 0, 16, 12156, 2),
(@GSCRIPT+223, 0, 16, 12154, 2),
(@GSCRIPT+224, 0, 16, 12161, 2),
(@GSCRIPT+225, 0, 16, 12164, 2),
(@GSCRIPT+226, 0, 16, 12168, 2),
(@GSCRIPT+227, 0, 16, 12160, 2),
(@GSCRIPT+228, 0, 16, 12163, 2),
(@GSCRIPT+229, 0, 16, 12158, 2),
(@GSCRIPT+230, 0, 16, 12169, 2),
(@GSCRIPT+231, 0, 16, 12166, 2),
(@GSCRIPT+232, 0, 16, 12816, 2),
(@GSCRIPT+233, 0, 16, 12817, 2),
(@GSCRIPT+234, 0, 16, 15035, 2),
(@GSCRIPT+235, 0, 16, 15040, 2),
(@GSCRIPT+236, 0, 16, 15036, 2),
(@GSCRIPT+237, 0, 16, 15038, 2),
(@GSCRIPT+238, 0, 16, 15037, 2),
(@GSCRIPT+239, 0, 16, 15039, 2),
(@GSCRIPT+240, 0, 16, 10857, 2),
(@GSCRIPT+241, 0, 16, 10869, 2),
(@GSCRIPT+242, 0, 16, 9803, 2),
(@GSCRIPT+243, 0, 16, 9804, 2),
(@GSCRIPT+244, 0, 16, 9805, 2),
(@GSCRIPT+245, 0, 16, 9806, 2),
(@GSCRIPT+246, 0, 16, 10856, 2),
(@GSCRIPT+247, 0, 16, 9901, 2),
(@GSCRIPT+248, 0, 16, 10867, 2),
(@GSCRIPT+249, 0, 16, 10877, 2),
(@GSCRIPT+250, 0, 16, 9795, 2),
(@GSCRIPT+251, 0, 16, 9796, 2),
(@GSCRIPT+252, 0, 16, 9797, 2),
(@GSCRIPT+253, 0, 16, 9798, 2),
(@GSCRIPT+254, 0, 16, 9799, 2),
(@GSCRIPT+255, 0, 16, 9800, 2),
(@GSCRIPT+256, 0, 16, 9793, 2),
(@GSCRIPT+257, 0, 16, 9794, 2),
(@GSCRIPT+258, 0, 16, 9789, 2),
(@GSCRIPT+259, 0, 16, 9791, 2),
(@GSCRIPT+260, 0, 16, 9790, 2),
(@GSCRIPT+261, 0, 16, 9792, 2),
(@GSCRIPT+262, 0, 16, 15123, 2),
(@GSCRIPT+263, 0, 16, 12744, 2),
(@GSCRIPT+264, 0, 16, 12745, 2),
(@GSCRIPT+265, 0, 16, 15121, 2),
(@GSCRIPT+266, 0, 16, 15122, 2),
(@GSCRIPT+267, 0, 16, 12563, 2),
(@GSCRIPT+268, 0, 16, 12564, 2),
(@GSCRIPT+269, 0, 16, 14906, 2),
(@GSCRIPT+270, 0, 16, 14907, 2),
(@GSCRIPT+271, 0, 16, 14908, 2),
(@GSCRIPT+272, 0, 16, 14909, 2),
(@GSCRIPT+273, 0, 16, 14995, 2),
(@GSCRIPT+274, 0, 16, 14910, 2),
(@GSCRIPT+275, 0, 16, 14905, 2),
(@GSCRIPT+276, 0, 16, 8014, 2),
(@GSCRIPT+277, 0, 16, 5455, 2),
(@GSCRIPT+278, 0, 16, 5456, 2),
(@GSCRIPT+279, 0, 16, 6066, 2),
(@GSCRIPT+280, 0, 16, 15077, 2),
(@GSCRIPT+281, 0, 16, 15078, 2),
(@GSCRIPT+282, 0, 16, 15075, 2),
(@GSCRIPT+283, 0, 16, 15076, 2),
(@GSCRIPT+284, 0, 16, 10773, 2),
(@GSCRIPT+285, 0, 16, 10900, 2),
(@GSCRIPT+286, 0, 16, 10764, 2),
(@GSCRIPT+287, 0, 16, 10766, 2),
(@GSCRIPT+288, 0, 16, 10768, 2),
(@GSCRIPT+289, 0, 16, 10767, 2),
(@GSCRIPT+290, 0, 16, 10770, 2),
(@GSCRIPT+291, 0, 16, 10765, 2),
(@GSCRIPT+292, 0, 16, 11657, 2),
(@GSCRIPT+293, 0, 16, 11731, 2),
(@GSCRIPT+294, 0, 16, 11650, 2),
(@GSCRIPT+295, 0, 16, 11651, 2),
(@GSCRIPT+296, 0, 16, 11652, 2),
(@GSCRIPT+297, 0, 16, 11653, 2),
(@GSCRIPT+298, 0, 16, 10731, 2),
(@GSCRIPT+299, 0, 16, 10769, 2),
(@GSCRIPT+300, 0, 16, 14958, 2),
(@GSCRIPT+301, 0, 16, 12746, 2),
(@GSCRIPT+302, 0, 16, 15049, 2),
(@GSCRIPT+303, 0, 16, 12747, 2),
(@GSCRIPT+304, 0, 16, 15101, 2),
(@GSCRIPT+305, 0, 16, 15044, 2),
(@GSCRIPT+306, 0, 16, 15045, 2),
(@GSCRIPT+307, 0, 16, 11709, 2),
(@GSCRIPT+308, 0, 16, 11696, 2),
(@GSCRIPT+309, 0, 16, 11699, 2),
(@GSCRIPT+310, 0, 16, 11706, 2),
(@GSCRIPT+311, 0, 16, 11698, 2),
(@GSCRIPT+312, 0, 16, 11701, 2),
(@GSCRIPT+313, 0, 16, 11704, 2),
(@GSCRIPT+314, 0, 16, 11718, 2),
(@GSCRIPT+315, 0, 16, 11705, 2),
(@GSCRIPT+316, 0, 16, 11716, 2),
(@GSCRIPT+317, 0, 16, 11702, 2),
(@GSCRIPT+318, 0, 16, 11720, 2),
(@GSCRIPT+319, 0, 16, 11710, 2),
(@GSCRIPT+320, 0, 16, 11700, 2),
(@GSCRIPT+321, 0, 16, 11719, 2),
(@GSCRIPT+322, 0, 16, 11711, 2),
(@GSCRIPT+323, 0, 16, 11723, 2),
(@GSCRIPT+324, 0, 16, 11708, 2),
(@GSCRIPT+325, 0, 16, 11727, 2),
(@GSCRIPT+326, 0, 16, 11726, 2),
(@GSCRIPT+327, 0, 16, 11728, 2),
(@GSCRIPT+328, 0, 16, 11730, 2),
(@GSCRIPT+329, 0, 16, 11717, 2),
(@GSCRIPT+330, 0, 16, 11721, 2),
(@GSCRIPT+331, 0, 16, 11725, 2),
(@GSCRIPT+332, 0, 16, 11722, 2),
(@GSCRIPT+333, 0, 16, 11724, 2),
(@GSCRIPT+334, 0, 16, 7474, 2),
(@GSCRIPT+335, 0, 16, 2526, 2),
(@GSCRIPT+336, 0, 16, 2536, 2),
(@GSCRIPT+337, 0, 16, 7097, 2),
(@GSCRIPT+338, 0, 16, 11770, 2),
(@GSCRIPT+339, 0, 16, 10898, 2),
(@GSCRIPT+340, 0, 16, 9971, 2),
(@GSCRIPT+341, 0, 16, 9972, 2),
(@GSCRIPT+342, 0, 16, 9458, 2),
(@GSCRIPT+343, 0, 16, 10605, 2),
(@GSCRIPT+344, 0, 16, 9459, 2),
(@GSCRIPT+345, 0, 16, 9975, 2),
(@GSCRIPT+346, 0, 16, 15127, 2),
(@GSCRIPT+347, 0, 16, 15096, 2),
(@GSCRIPT+348, 0, 16, 15098, 2),
(@GSCRIPT+349, 0, 16, 15100, 2),
(@GSCRIPT+350, 0, 16, 15097, 2),
(@GSCRIPT+351, 0, 16, 15124, 2),
(@GSCRIPT+352, 0, 16, 15099, 2),
(@GSCRIPT+353, 0, 16, 8531, 2),
(@GSCRIPT+354, 0, 16, 8563, 2),
(@GSCRIPT+355, 0, 16, 8579, 2),
(@GSCRIPT+356, 0, 16, 8564, 2),
(@GSCRIPT+357, 0, 16, 8578, 2),
(@GSCRIPT+358, 0, 16, 8577, 2),
(@GSCRIPT+359, 0, 16, 15050, 2),
(@GSCRIPT+360, 0, 16, 11703, 2),
(@GSCRIPT+361, 0, 16, 11697, 2),
(@GSCRIPT+362, 0, 16, 12562, 2),
(@GSCRIPT+363, 0, 16, 12561, 2),
(@GSCRIPT+364, 0, 16, 14960, 2),
(@GSCRIPT+365, 0, 16, 12293, 2),
(@GSCRIPT+366, 0, 16, 12528, 2),
(@GSCRIPT+367, 0, 16, 12529, 2),
(@GSCRIPT+368, 0, 16, 12292, 2),
(@GSCRIPT+369, 0, 16, 12291, 2),
(@GSCRIPT+370, 0, 16, 10730, 2),
(@GSCRIPT+371, 0, 16, 15065, 2),
(@GSCRIPT+372, 0, 16, 14997, 2),
(@GSCRIPT+373, 0, 16, 15062, 2),
(@GSCRIPT+374, 0, 16, 12565, 2),
(@GSCRIPT+375, 0, 16, 12566, 2),
(@GSCRIPT+376, 0, 16, 10849, 2),
(@GSCRIPT+377, 0, 16, 15061, 2),
(@GSCRIPT+378, 0, 16, 15086, 2),
(@GSCRIPT+379, 0, 16, 15082, 2),
(@GSCRIPT+380, 0, 16, 15089, 2),
(@GSCRIPT+381, 0, 16, 15093, 2),
(@GSCRIPT+382, 0, 16, 15084, 2),
(@GSCRIPT+383, 0, 16, 12533, 2),
(@GSCRIPT+384, 0, 16, 12532, 2),
(@GSCRIPT+385, 0, 16, 12536, 2),
(@GSCRIPT+386, 0, 16, 12537, 2),
(@GSCRIPT+387, 0, 16, 12535, 2),
(@GSCRIPT+388, 0, 16, 15088, 2),
(@GSCRIPT+389, 0, 16, 15083, 2),
(@GSCRIPT+390, 0, 16, 15094, 2),
(@GSCRIPT+391, 0, 16, 15087, 2),
(@GSCRIPT+392, 0, 16, 15085, 2),
(@GSCRIPT+393, 0, 16, 15092, 2),
(@GSCRIPT+394, 0, 16, 15090, 2),
(@GSCRIPT+395, 0, 16, 13806, 2),
(@GSCRIPT+396, 0, 16, 13804, 2),
(@GSCRIPT+397, 0, 16, 13805, 2),
(@GSCRIPT+398, 0, 16, 15114, 2),
(@GSCRIPT+399, 0, 16, 15115, 2),
(@GSCRIPT+400, 0, 16, 15116, 2),
(@GSCRIPT+401, 0, 16, 15117, 2),
(@GSCRIPT+402, 0, 16, 12924, 2),
(@GSCRIPT+403, 0, 16, 15925, 2),
(@GSCRIPT+404, 0, 16, 8535, 2),
(@GSCRIPT+405, 0, 16, 8533, 2),
(@GSCRIPT+406, 0, 16, 8534, 2),
(@GSCRIPT+407, 0, 16, 8558, 2),
(@GSCRIPT+408, 0, 16, 8556, 2),
(@GSCRIPT+409, 0, 16, 8557, 2),
(@GSCRIPT+410, 0, 16, 8538, 2),
(@GSCRIPT+411, 0, 16, 8536, 2),
(@GSCRIPT+412, 0, 16, 8537, 2),
(@GSCRIPT+413, 0, 16, 4160, 2),
(@GSCRIPT+414, 0, 16, 3820, 2),
(@GSCRIPT+415, 0, 16, 4209, 2),
(@GSCRIPT+416, 0, 16, 8670, 2),
(@GSCRIPT+417, 0, 16, 8530, 2),
(@GSCRIPT+418, 0, 16, 9051, 2),
(@GSCRIPT+419, 0, 16, 9052, 2),
(@GSCRIPT+420, 0, 16, 8948, 2),
(@GSCRIPT+421, 0, 16, 8949, 2),
(@GSCRIPT+422, 0, 16, 9010, 2),
(@GSCRIPT+423, 0, 16, 9011, 2),
(@GSCRIPT+424, 0, 16, 8750, 2),
(@GSCRIPT+425, 0, 16, 8751, 2),
(@GSCRIPT+426, 0, 16, 4164, 2),
(@GSCRIPT+427, 0, 16, 4165, 2),
(@GSCRIPT+428, 0, 16, 10162, 2),
(@GSCRIPT+429, 0, 16, 10141, 2),
(@GSCRIPT+430, 0, 16, 10140, 2),
(@GSCRIPT+431, 0, 16, 10142, 2),
(@GSCRIPT+432, 0, 16, 9126, 2),
(@GSCRIPT+433, 0, 16, 9127, 2),
(@GSCRIPT+434, 0, 16, 9990, 2),
(@GSCRIPT+435, 0, 16, 12547, 2),
(@GSCRIPT+436, 0, 16, 12555, 2),
(@GSCRIPT+437, 0, 16, 4166, 2),
(@GSCRIPT+438, 0, 16, 9905, 2),
(@GSCRIPT+439, 0, 16, 4167, 2),
(@GSCRIPT+440, 0, 16, 12763, 2),
(@GSCRIPT+441, 0, 16, 13113, 2),
(@GSCRIPT+442, 0, 16, 13316, 2),
(@GSCRIPT+443, 0, 16, 13317, 2),
(@GSCRIPT+444, 0, 16, 4994, 2),
(@GSCRIPT+445, 0, 16, 13359, 2),
(@GSCRIPT+446, 0, 16, 4219, 2),
(@GSCRIPT+447, 0, 16, 4212, 2),
(@GSCRIPT+448, 0, 16, 4213, 2),
(@GSCRIPT+449, 0, 16, 12769, 2),
(@GSCRIPT+450, 0, 16, 12553, 2),
(@GSCRIPT+451, 0, 16, 12556, 2),
(@GSCRIPT+452, 0, 16, 12768, 2),
(@GSCRIPT+453, 0, 16, 13375, 2),
(@GSCRIPT+454, 0, 16, 13376, 2),
(@GSCRIPT+455, 0, 16, 13377, 2),
(@GSCRIPT+456, 0, 16, 13378, 2),
(@GSCRIPT+457, 0, 16, 13379, 2),
(@GSCRIPT+458, 0, 16, 10819, 2),
(@GSCRIPT+459, 0, 16, 4172, 2),
(@GSCRIPT+460, 0, 16, 4173, 2),
(@GSCRIPT+461, 0, 16, 9908, 2),
(@GSCRIPT+462, 0, 16, 8472, 2),
(@GSCRIPT+463, 0, 16, 8471, 2),
(@GSCRIPT+464, 0, 16, 4170, 2),
(@GSCRIPT+465, 0, 16, 4171, 2),
(@GSCRIPT+466, 0, 16, 4176, 2),
(@GSCRIPT+467, 0, 16, 4177, 2),
(@GSCRIPT+468, 0, 16, 4183, 2),
(@GSCRIPT+469, 0, 16, 9903, 2),
(@GSCRIPT+470, 0, 16, 4184, 2),
(@GSCRIPT+471, 0, 16, 4175, 2),
(@GSCRIPT+472, 0, 16, 4193, 2),
(@GSCRIPT+473, 0, 16, 4194, 2),
(@GSCRIPT+474, 0, 16, 9909, 2),
(@GSCRIPT+475, 0, 16, 4196, 2),
(@GSCRIPT+476, 0, 16, 9907, 2),
(@GSCRIPT+477, 0, 16, 4197, 2),
(@GSCRIPT+478, 0, 16, 8748, 2),
(@GSCRIPT+479, 0, 16, 9048, 2),
(@GSCRIPT+480, 0, 16, 8749, 2),
(@GSCRIPT+481, 0, 16, 9049, 2),
(@GSCRIPT+482, 0, 16, 9906, 2),
(@GSCRIPT+483, 0, 16, 4174, 2),
(@GSCRIPT+484, 0, 16, 12546, 2),
(@GSCRIPT+485, 0, 16, 12776, 2),
(@GSCRIPT+486, 0, 16, 12557, 2),
(@GSCRIPT+487, 0, 16, 12778, 2),
(@GSCRIPT+488, 0, 16, 12777, 2),
(@GSCRIPT+489, 0, 16, 8956, 2),
(@GSCRIPT+490, 0, 16, 12757, 2),
(@GSCRIPT+491, 0, 16, 11838, 2),
(@GSCRIPT+492, 0, 16, 11878, 2),
(@GSCRIPT+493, 0, 16, 11839, 2),
(@GSCRIPT+494, 0, 16, 10144, 2),
(@GSCRIPT+495, 0, 16, 10145, 2),
(@GSCRIPT+496, 0, 16, 13157, 2),
(@GSCRIPT+497, 0, 16, 4178, 2),
(@GSCRIPT+498, 0, 16, 4179, 2),
(@GSCRIPT+499, 0, 16, 13111, 2),
(@GSCRIPT+500, 0, 16, 13112, 2),
(@GSCRIPT+501, 0, 16, 4180, 2),
(@GSCRIPT+502, 0, 16, 4181, 2),
(@GSCRIPT+503, 0, 16, 8953, 2),
(@GSCRIPT+504, 0, 16, 8954, 2),
(@GSCRIPT+505, 0, 16, 9984, 2),
(@GSCRIPT+506, 0, 16, 12772, 2),
(@GSCRIPT+507, 0, 16, 12554, 2),
(@GSCRIPT+508, 0, 16, 12753, 2),
(@GSCRIPT+509, 0, 16, 4187, 2),
(@GSCRIPT+510, 0, 16, 4188, 2),
(@GSCRIPT+511, 0, 16, 4189, 2),
(@GSCRIPT+512, 0, 16, 4190, 2),
(@GSCRIPT+513, 0, 16, 4191, 2),
(@GSCRIPT+514, 0, 16, 4192, 2),
(@GSCRIPT+515, 0, 16, 8695, 2),
(@GSCRIPT+516, 0, 16, 8696, 2),
(@GSCRIPT+517, 0, 16, 4221, 2),
(@GSCRIPT+518, 0, 16, 10000, 2),
(@GSCRIPT+519, 0, 16, 9050, 2),
(@GSCRIPT+520, 0, 16, 10143, 2),
(@GSCRIPT+521, 0, 16, 12864, 2),
(@GSCRIPT+522, 0, 16, 12865, 2),
(@GSCRIPT+523, 0, 16, 9061, 2),
(@GSCRIPT+524, 0, 16, 9062, 2),
(@GSCRIPT+525, 0, 16, 5034, 2),
(@GSCRIPT+526, 0, 16, 13126, 2),
(@GSCRIPT+527, 0, 16, 8951, 2),
(@GSCRIPT+528, 0, 16, 8952, 2),
(@GSCRIPT+529, 0, 16, 13875, 2),
(@GSCRIPT+530, 0, 16, 12755, 2),
(@GSCRIPT+531, 0, 16, 15295, 2),
(@GSCRIPT+532, 0, 16, 12752, 2),
(@GSCRIPT+533, 0, 16, 4205, 2),
(@GSCRIPT+534, 0, 16, 4206, 2),
(@GSCRIPT+535, 0, 16, 4207, 2),
(@GSCRIPT+536, 0, 16, 4208, 2),
(@GSCRIPT+537, 0, 16, 4200, 2),
(@GSCRIPT+538, 0, 16, 4201, 2),
(@GSCRIPT+539, 0, 16, 12754, 2),
(@GSCRIPT+540, 0, 16, 9148, 2),
(@GSCRIPT+541, 0, 16, 9996, 2),
(@GSCRIPT+542, 0, 16, 9997, 2),
(@GSCRIPT+543, 0, 16, 12688, 2),
(@GSCRIPT+544, 0, 16, 12689, 2),
(@GSCRIPT+545, 0, 16, 15064, 2),
(@GSCRIPT+546, 0, 16, 15067, 2),
(@GSCRIPT+547, 0, 16, 15063, 2),
(@GSCRIPT+548, 0, 16, 12128, 2),
(@GSCRIPT+549, 0, 16, 12129, 2),
(@GSCRIPT+550, 0, 16, 13799, 2),
(@GSCRIPT+551, 0, 16, 13800, 2),
(@GSCRIPT+552, 0, 16, 8233, 2),
(@GSCRIPT+553, 0, 16, 10623, 2),
(@GSCRIPT+554, 0, 16, 9012, 2),
(@GSCRIPT+555, 0, 16, 9013, 2),
(@GSCRIPT+556, 0, 16, 15059, 2),
(@GSCRIPT+557, 0, 16, 15060, 2),
(@GSCRIPT+558, 0, 16, 15058, 2),
(@GSCRIPT+559, 0, 16, 14869, 2),
(@GSCRIPT+560, 0, 16, 14912, 2),
(@GSCRIPT+561, 0, 16, 15066, 2),
(@GSCRIPT+562, 0, 16, 12800, 2),
(@GSCRIPT+563, 0, 16, 12801, 2),
(@GSCRIPT+564, 0, 16, 9461, 2),
(@GSCRIPT+565, 0, 16, 9462, 2),
(@GSCRIPT+566, 0, 16, 9460, 2),
(@GSCRIPT+567, 0, 16, 10609, 2),
(@GSCRIPT+568, 0, 16, 9002, 2),
(@GSCRIPT+569, 0, 16, 9281, 2),
(@GSCRIPT+570, 0, 16, 12133, 2),
(@GSCRIPT+571, 0, 16, 12134, 2),
(@GSCRIPT+572, 0, 16, 12135, 2),
(@GSCRIPT+573, 0, 16, 10726, 2),
(@GSCRIPT+574, 0, 16, 9149, 2),
(@GSCRIPT+575, 0, 16, 14829, 2),
(@GSCRIPT+576, 0, 16, 14830, 2),
(@GSCRIPT+577, 0, 16, 14831, 2),
(@GSCRIPT+578, 0, 16, 14835, 2),
(@GSCRIPT+579, 0, 16, 14837, 2),
(@GSCRIPT+580, 0, 16, 14875, 2),
(@GSCRIPT+581, 0, 16, 14840, 2),
(@GSCRIPT+582, 0, 16, 14842, 2),
(@GSCRIPT+583, 0, 16, 14877, 2),
(@GSCRIPT+584, 0, 16, 14876, 2),
(@GSCRIPT+585, 0, 16, 14843, 2),
(@GSCRIPT+586, 0, 16, 14854, 2),
(@GSCRIPT+587, 0, 16, 14853, 2),
(@GSCRIPT+588, 0, 16, 14848, 2),
(@GSCRIPT+589, 0, 16, 14851, 2),
(@GSCRIPT+590, 0, 16, 14852, 2),
(@GSCRIPT+591, 0, 16, 14844, 2),
(@GSCRIPT+592, 0, 16, 14870, 2),
(@GSCRIPT+593, 0, 16, 14855, 2),
(@GSCRIPT+594, 0, 16, 14873, 2),
(@GSCRIPT+595, 0, 16, 14872, 2),
(@GSCRIPT+596, 0, 16, 14874, 2),
(@GSCRIPT+597, 0, 16, 14858, 2),
(@GSCRIPT+598, 0, 16, 14859, 2),
(@GSCRIPT+599, 0, 16, 14863, 2),
(@GSCRIPT+600, 0, 16, 14864, 2),
(@GSCRIPT+601, 0, 16, 14832, 2),
(@GSCRIPT+602, 0, 16, 14833, 2),
(@GSCRIPT+603, 0, 16, 14834, 2),
(@GSCRIPT+604, 0, 16, 14836, 2),
(@GSCRIPT+605, 0, 16, 14838, 2),
(@GSCRIPT+606, 0, 16, 14839, 2),
(@GSCRIPT+607, 0, 16, 14841, 2),
(@GSCRIPT+608, 0, 16, 14866, 2),
(@GSCRIPT+609, 0, 16, 14867, 2),
(@GSCRIPT+610, 0, 16, 14847, 2),
(@GSCRIPT+611, 0, 16, 14846, 2),
(@GSCRIPT+612, 0, 16, 14845, 2),
(@GSCRIPT+613, 0, 16, 14850, 2),
(@GSCRIPT+614, 0, 16, 14849, 2),
(@GSCRIPT+615, 0, 16, 14878, 2),
(@GSCRIPT+616, 0, 16, 17275, 2),
(@GSCRIPT+617, 0, 16, 14871, 2),
(@GSCRIPT+618, 0, 16, 14856, 2),
(@GSCRIPT+619, 0, 16, 14857, 2),
(@GSCRIPT+620, 0, 16, 14865, 2),
(@GSCRIPT+621, 0, 16, 14862, 2),
(@GSCRIPT+622, 0, 16, 14861, 2),
(@GSCRIPT+623, 0, 16, 14860, 2),
(@GSCRIPT+624, 0, 34, 1, 0),
(@GSCRIPT+625, 0, 34, 2, 0),
(@GSCRIPT+626, 0, 34, 14, 0),
(@GSCRIPT+627, 0, 34, 16, 0);

-- -----------------------------------------------------------------------------------------------------------------------------
-- # Gossip options

INSERT INTO gossip_menu_option (menu_id, id, option_icon, option_text, option_id, npc_option_npcflag, action_menu_id, action_poi_id, action_script_id, box_coded, box_money, box_text) VALUES 
(@GOPTION, 1, 8, 'Logo', 1, 1, @GOPTION, 0, @GSCRIPT+624, 0, 0, 'Sure about the movie?'),
(@GOPTION, 2, 8, 'Intro', 1, 1, @GOPTION, 0, @GSCRIPT+625, 0, 0, 'Sure about the movie?'),
(@GOPTION, 3, 8, 'Wrathgate', 1, 1, @GOPTION, 0, @GSCRIPT+626, 0, 0, 'Sure about the movie?'),
(@GOPTION, 4, 8, 'Fall of the Lich King', 1, 1, @GOPTION, 0, @GSCRIPT+627, 0, 0, 'Sure about the movie?'),
(@GOPTION, 5, 3, 'Ulduar', 1, 1, @GOPTION+1, 0, 0, 0, 0, ''),
(@GOPTION, 6, 3, 'Icecrown', 1, 1, @GOPTION+2, 0, 0, 0, 0, ''),
(@GOPTION, 7, 3, 'Argent tournament', 1, 1, @GOPTION+3, 0, 0, 0, 0, ''),
(@GOPTION, 8, 3, 'World events', 1, 1, @GOPTION+4, 0, 0, 0, 0, ''),
(@GOPTION, 9, 3, 'Musical moments', 1, 1, @GOPTION+5, 0, 0, 0, 0, ''),
(@GOPTION, 10, 3, 'City music', 1, 1, @GOPTION+6, 0, 0, 0, 0, ''),
(@GOPTION, 11, 3, 'Zone music', 1, 1, @GOPTION+7, 0, 0, 0, 0, ''),
(@GOPTION, 12, 3, 'Sunwell', 1, 1, @GOPTION+8, 0, 0, 0, 0, ''),
(@GOPTION, 13, 3, 'Stratholme', 1, 1, @GOPTION+9, 0, 0, 0, 0, ''),
(@GOPTION, 14, 3, 'Sholazar Basin', 1, 1, @GOPTION+10, 0, 0, 0, 0, ''),
(@GOPTION, 15, 3, 'Outland general', 1, 1, @GOPTION+11, 0, 0, 0, 0, ''),
(@GOPTION, 16, 3, 'Northrend', 1, 1, @GOPTION+12, 0, 0, 0, 0, ''),
(@GOPTION, 17, 3, 'Naxxramas', 1, 1, @GOPTION+13, 0, 0, 0, 0, ''),
(@GOPTION, 18, 3, 'Karazhan', 1, 1, @GOPTION+14, 0, 0, 0, 0, ''),
(@GOPTION, 19, 7, 'Stop the music', 1, 1, @GOPTION, 0, @GSCRIPT, 0, 0, 'Really want to stop the music?'),
(@GOPTION, 20, 4, 'Next page', 1, 1, @GOPTION+36, 0, 0, 0, 0, ''),
(@GOPTION+1, 1, 8, 'Zone-UlduarStoneBattleWalk', 1, 1, @GOPTION+1, 0, @GSCRIPT+1, 0, 0, 'Sure about the song?'),
(@GOPTION+1, 2, 8, 'Zone-UldarLightningGeneralWalk', 1, 1, @GOPTION+1, 0, @GSCRIPT+2, 0, 0, 'Sure about the song?'),
(@GOPTION+1, 3, 8, 'Zone-UldarLightningBattleWalk', 1, 1, @GOPTION+1, 0, @GSCRIPT+3, 0, 0, 'Sure about the song?'),
(@GOPTION+1, 4, 8, 'Intro-UldarLightning', 1, 1, @GOPTION+1, 0, @GSCRIPT+4, 0, 0, 'Sure about the song?'),
(@GOPTION+1, 5, 8, 'Intro-UldarLightningWatchers', 1, 1, @GOPTION+1, 0, @GSCRIPT+5, 0, 0, 'Sure about the song?'),
(@GOPTION+1, 6, 8, 'Zone-UlduarStoneGeneralWalk', 1, 1, @GOPTION+1, 0, @GSCRIPT+6, 0, 0, 'Sure about the song?'),
(@GOPTION+1, 7, 8, 'Intro-HallsofStone', 1, 1, @GOPTION+1, 0, @GSCRIPT+7, 0, 0, 'Sure about the song?'),
(@GOPTION+1, 8, 8, 'UR_FormationGroundsAction', 1, 1, @GOPTION+1, 0, @GSCRIPT+8, 0, 0, 'Sure about the song?'),
(@GOPTION+1, 9, 8, 'UR_IronConcourseAction', 1, 1, @GOPTION+1, 0, @GSCRIPT+9, 0, 0, 'Sure about the song?'),
(@GOPTION+1, 10, 8, 'UR_RazorScalesAerieAction', 1, 1, @GOPTION+1, 0, @GSCRIPT+10, 0, 0, 'Sure about the song?'),
(@GOPTION+1, 11, 8, 'UR_TheColossalForgeAction', 1, 1, @GOPTION+1, 0, @GSCRIPT+11, 0, 0, 'Sure about the song?'),
(@GOPTION+1, 12, 8, 'UR_TheScrapyardAction', 1, 1, @GOPTION+1, 0, @GSCRIPT+12, 0, 0, 'Sure about the song?'),
(@GOPTION+1, 13, 4, 'Back..', 1, 1, @GOPTION, 0, 0, 0, 0, ''),
(@GOPTION+2, 1, 8, 'Intro-IcecrownGeneral', 1, 1, @GOPTION+2, 0, @GSCRIPT+13, 0, 0, 'Sure about the song?'),
(@GOPTION+2, 2, 8, 'Zone-IcecrownGeneralWalkDay', 1, 1, @GOPTION+2, 0, @GSCRIPT+14, 0, 0, 'Sure about the song?'),
(@GOPTION+2, 3, 8, 'Zone-IcecrownGeneralWalkNight', 1, 1, @GOPTION+2, 0, @GSCRIPT+15, 0, 0, 'Sure about the song?'),
(@GOPTION+2, 4, 8, 'Event-Bronjahm', 1, 1, @GOPTION+2, 0, @GSCRIPT+16, 0, 0, 'Sure about the song?'),
(@GOPTION+2, 5, 8, 'Zone-CrimsonHallWalk', 1, 1, @GOPTION+2, 0, @GSCRIPT+17, 0, 0, 'Sure about the song?'),
(@GOPTION+2, 6, 8, 'Zone-ForgeOfSoulsWalk', 1, 1, @GOPTION+2, 0, @GSCRIPT+18, 0, 0, 'Sure about the song?'),
(@GOPTION+2, 7, 8, 'Zone-FrostmourneWalk', 1, 1, @GOPTION+2, 0, @GSCRIPT+19, 0, 0, 'Sure about the song?'),
(@GOPTION+2, 8, 8, 'Outro-FrozenThrone01', 1, 1, @GOPTION+2, 0, @GSCRIPT+20, 0, 0, 'Sure about the song?'),
(@GOPTION+2, 9, 8, 'Zone-FrozenThroneBattleMusic', 1, 1, @GOPTION+2, 0, @GSCRIPT+21, 0, 0, 'Sure about the song?'),
(@GOPTION+2, 10, 8, 'Intro-FrozenThrone', 1, 1, @GOPTION+2, 0, @GSCRIPT+22, 0, 0, 'Sure about the song?'),
(@GOPTION+2, 11, 8, 'Outro-FrozenThrone02', 1, 1, @GOPTION+2, 0, @GSCRIPT+23, 0, 0, 'Sure about the song?'),
(@GOPTION+2, 12, 8, 'Event-Gunships (Looping),', 1, 1, @GOPTION+2, 0, @GSCRIPT+24, 0, 0, 'Sure about the song?'),
(@GOPTION+2, 13, 8, 'Event-Gunships (One-Shot),', 1, 1, @GOPTION+2, 0, @GSCRIPT+25, 0, 0, 'Sure about the song?'),
(@GOPTION+2, 14, 8, 'Event-HallsofReflection2', 1, 1, @GOPTION+2, 0, @GSCRIPT+26, 0, 0, 'Sure about the song?'),
(@GOPTION+2, 15, 8, 'Intro-IcecrownSummit', 1, 1, @GOPTION+2, 0, @GSCRIPT+27, 0, 0, 'Sure about the song?'),
(@GOPTION+2, 16, 8, 'Intro-IcecrownDungeon', 1, 1, @GOPTION+2, 0, @GSCRIPT+28, 0, 0, 'Sure about the song?'),
(@GOPTION+2, 17, 8, 'Event-HallsofReflection1', 1, 1, @GOPTION+2, 0, @GSCRIPT+29, 0, 0, 'Sure about the song?'),
(@GOPTION+2, 18, 8, 'Event-Saurfang', 1, 1, @GOPTION+2, 0, @GSCRIPT+30, 0, 0, 'Sure about the song?'),
(@GOPTION+2, 19, 8, 'Zone-IcecrownRaidLightsHammer', 1, 1, @GOPTION+2, 0, @GSCRIPT+31, 0, 0, 'Sure about the song?'),
(@GOPTION+2, 20, 8, 'Zone-IcecrownDungeonWalk', 1, 1, @GOPTION+2, 0, @GSCRIPT+32, 0, 0, 'Sure about the song?'),
(@GOPTION+2, 21, 8, 'Intro-PitofSaronCave', 1, 1, @GOPTION+2, 0, @GSCRIPT+33, 0, 0, 'Sure about the song?'),
(@GOPTION+2, 22, 8, 'Zone-PitofSaronCave', 1, 1, @GOPTION+2, 0, @GSCRIPT+34, 0, 0, 'Sure about the song?'),
(@GOPTION+2, 23, 8, 'Zone-SindragosaWalk', 1, 1, @GOPTION+2, 0, @GSCRIPT+35, 0, 0, 'Sure about the song?'),
(@GOPTION+2, 24, 4, 'Next page', 1, 1, @GOPTION+37, 0, 0, 0, 0, ''),
(@GOPTION+2, 25, 4, 'Back..', 1, 1, @GOPTION, 0, 0, 0, 0, ''),
(@GOPTION+3, 1, 8, 'AT_TournamentHerald', 1, 1, @GOPTION+3, 0, @GSCRIPT+59, 0, 0, 'Sure about the song?'),
(@GOPTION+3, 2, 8, 'AT_TournamentJoust', 1, 1, @GOPTION+3, 0, @GSCRIPT+60, 0, 0, 'Sure about the song?'),
(@GOPTION+3, 3, 8, 'AT_TournamentNightWalk', 1, 1, @GOPTION+3, 0, @GSCRIPT+61, 0, 0, 'Sure about the song?'),
(@GOPTION+3, 4, 8, 'AT_TournamentDayWalk', 1, 1, @GOPTION+3, 0, @GSCRIPT+62, 0, 0, 'Sure about the song?'),
(@GOPTION+3, 5, 8, 'Zone-ArgentColiseumUniWalk', 1, 1, @GOPTION+3, 0, @GSCRIPT+63, 0, 0, 'Sure about the song?'),
(@GOPTION+3, 6, 4, 'Back..', 1, 1, @GOPTION, 0, 0, 0, 0, ''),
(@GOPTION+4, 1, 8, 'Event_DMF_Level70ETC', 1, 1, @GOPTION+4, 0, @GSCRIPT+64, 0, 0, 'Sure about the song?'),
(@GOPTION+4, 2, 8, 'Event_BrewFestDwarf01', 1, 1, @GOPTION+4, 0, @GSCRIPT+65, 0, 0, 'Sure about the song?'),
(@GOPTION+4, 3, 8, 'Event_BrewfestDwarf02', 1, 1, @GOPTION+4, 0, @GSCRIPT+66, 0, 0, 'Sure about the song?'),
(@GOPTION+4, 4, 8, 'Event_BrewfestDwarf03', 1, 1, @GOPTION+4, 0, @GSCRIPT+67, 0, 0, 'Sure about the song?'),
(@GOPTION+4, 5, 8, 'Event_BrewFestGoblin01', 1, 1, @GOPTION+4, 0, @GSCRIPT+68, 0, 0, 'Sure about the song?'),
(@GOPTION+4, 6, 8, 'Event_BrewfestGoblin02', 1, 1, @GOPTION+4, 0, @GSCRIPT+69, 0, 0, 'Sure about the song?'),
(@GOPTION+4, 7, 8, 'Event_BrewfestGoblin03', 1, 1, @GOPTION+4, 0, @GSCRIPT+70, 0, 0, 'Sure about the song?'),
(@GOPTION+4, 8, 8, 'Event-MidsummerFireFestival_A', 1, 1, @GOPTION+4, 0, @GSCRIPT+71, 0, 0, 'Sure about the song?'),
(@GOPTION+4, 9, 8, 'Darkmoon_Faire_Music', 1, 1, @GOPTION+4, 0, @GSCRIPT+72, 0, 0, 'Sure about the song?'),
(@GOPTION+4, 10, 8, 'test - Darkmoon_Faire_Music', 1, 1, @GOPTION+4, 0, @GSCRIPT+73, 0, 0, 'Sure about the song?'),
(@GOPTION+4, 11, 8, 'Event-MidsummerFireFestival_H', 1, 1, @GOPTION+4, 0, @GSCRIPT+74, 0, 0, 'Sure about the song?'),
(@GOPTION+4, 12, 8, 'Event-GnomereganEvent', 1, 1, @GOPTION+4, 0, @GSCRIPT+75, 0, 0, 'Sure about the song?'),
(@GOPTION+4, 13, 8, 'Event-GnomereganEventComplete', 1, 1, @GOPTION+4, 0, @GSCRIPT+76, 0, 0, 'Sure about the song?'),
(@GOPTION+4, 14, 8, 'Event-GnomereganEventStart', 1, 1, @GOPTION+4, 0, @GSCRIPT+77, 0, 0, 'Sure about the song?'),
(@GOPTION+4, 15, 8, 'Event - ZFBigBattle', 1, 1, @GOPTION+4, 0, @GSCRIPT+78, 0, 0, 'Sure about the song?'),
(@GOPTION+4, 16, 8, 'Event - ZFMedBattle', 1, 1, @GOPTION+4, 0, @GSCRIPT+79, 0, 0, 'Sure about the song?'),
(@GOPTION+4, 17, 8, 'Event - ZFQuiet', 1, 1, @GOPTION+4, 0, @GSCRIPT+80, 0, 0, 'Sure about the song?'),
(@GOPTION+4, 18, 8, 'Event - ZFRally', 1, 1, @GOPTION+4, 0, @GSCRIPT+81, 0, 0, 'Sure about the song?'),
(@GOPTION+4, 19, 4, 'Back..', 1, 1, @GOPTION, 0, 0, 0, 0, ''),
(@GOPTION+5, 1, 8, 'Moment - AhnQirajIntro1', 1, 1, @GOPTION+5, 0, @GSCRIPT+82, 0, 0, 'Sure about the song?'),
(@GOPTION+5, 2, 8, 'Moment-Magic', 1, 1, @GOPTION+5, 0, @GSCRIPT+83, 0, 0, 'Sure about the song?'),
(@GOPTION+5, 3, 8, 'GuldansEntranceTheme', 1, 1, @GOPTION+5, 0, @GSCRIPT+84, 0, 0, 'Sure about the song?'),
(@GOPTION+5, 4, 8, 'Trigger-EbonHFinalBattleStart', 1, 1, @GOPTION+5, 0, @GSCRIPT+85, 0, 0, 'Sure about the song?'),
(@GOPTION+5, 5, 8, 'Moment - Zul Gurub', 1, 1, @GOPTION+5, 0, @GSCRIPT+86, 0, 0, 'Sure about the song?'),
(@GOPTION+5, 6, 8, 'Moment - Battle01', 1, 1, @GOPTION+5, 0, @GSCRIPT+87, 0, 0, 'Sure about the song?'),
(@GOPTION+5, 7, 8, 'Moment-Battle02', 1, 1, @GOPTION+5, 0, @GSCRIPT+88, 0, 0, 'Sure about the song?'),
(@GOPTION+5, 8, 8, 'Moment - Battle03', 1, 1, @GOPTION+5, 0, @GSCRIPT+89, 0, 0, 'Sure about the song?'),
(@GOPTION+5, 9, 8, 'Moment - Battle04', 1, 1, @GOPTION+5, 0, @GSCRIPT+90, 0, 0, 'Sure about the song?'),
(@GOPTION+5, 10, 8, 'Moment - Battle05', 1, 1, @GOPTION+5, 0, @GSCRIPT+91, 0, 0, 'Sure about the song?'),
(@GOPTION+5, 11, 8, 'Moment - Battle06', 1, 1, @GOPTION+5, 0, @GSCRIPT+92, 0, 0, 'Sure about the song?'),
(@GOPTION+5, 12, 8, 'Lament_of_the_Highborne', 1, 1, @GOPTION+5, 0, @GSCRIPT+93, 0, 0, 'Sure about the song?'),
(@GOPTION+5, 13, 8, 'GS_BurningCrusade', 1, 1, @GOPTION+5, 0, @GSCRIPT+94, 0, 0, 'Sure about the song?'),
(@GOPTION+5, 14, 8, 'GS_LichKing', 1, 1, @GOPTION+5, 0, @GSCRIPT+95, 0, 0, 'Sure about the song?'),
(@GOPTION+5, 15, 8, 'GS_Retail', 1, 1, @GOPTION+5, 0, @GSCRIPT+96, 0, 0, 'Sure about the song?'),
(@GOPTION+5, 16, 4, 'Back..', 1, 1, @GOPTION, 0, 0, 0, 0, ''),
(@GOPTION+6, 1, 8, 'Zone-Undercity', 1, 1, @GOPTION+6, 0, @GSCRIPT+97, 0, 0, 'Sure about the song?'),
(@GOPTION+6, 2, 8, 'Zone - Undercity Intro', 1, 1, @GOPTION+6, 0, @GSCRIPT+98, 0, 0, 'Sure about the song?'),
(@GOPTION+6, 3, 8, 'Zone-Thunderbluff Intro', 1, 1, @GOPTION+6, 0, @GSCRIPT+99, 0, 0, 'Sure about the song?'),
(@GOPTION+6, 4, 8, 'Zone-Thunderbluff', 1, 1, @GOPTION+6, 0, @GSCRIPT+100, 0, 0, 'Sure about the song?'),
(@GOPTION+6, 5, 8, 'Moment-Stormwind01', 1, 1, @GOPTION+6, 0, @GSCRIPT+101, 0, 0, 'Sure about the song?'),
(@GOPTION+6, 6, 8, 'Moment-Stormwind02', 1, 1, @GOPTION+6, 0, @GSCRIPT+102, 0, 0, 'Sure about the song?'),
(@GOPTION+6, 7, 8, 'Moment-Stormwind03', 1, 1, @GOPTION+6, 0, @GSCRIPT+103, 0, 0, 'Sure about the song?'),
(@GOPTION+6, 8, 8, 'Zone-StormwindCave', 1, 1, @GOPTION+6, 0, @GSCRIPT+104, 0, 0, 'Sure about the song?'),
(@GOPTION+6, 9, 8, 'Zone-EbonHNewAvalonWalk', 1, 1, @GOPTION+6, 0, @GSCRIPT+105, 0, 0, 'Sure about the song?'),
(@GOPTION+6, 10, 8, 'Zone-Stormwind', 1, 1, @GOPTION+6, 0, @GSCRIPT+106, 0, 0, 'Sure about the song?'),
(@GOPTION+6, 11, 8, 'Moment-Stormwind07', 1, 1, @GOPTION+6, 0, @GSCRIPT+107, 0, 0, 'Sure about the song?'),
(@GOPTION+6, 12, 8, 'Moment-Stormwind08', 1, 1, @GOPTION+6, 0, @GSCRIPT+108, 0, 0, 'Sure about the song?'),
(@GOPTION+6, 13, 8, 'Moment-StormwindSouthSeas', 1, 1, @GOPTION+6, 0, @GSCRIPT+109, 0, 0, 'Sure about the song?'),
(@GOPTION+6, 14, 8, 'Moment-ValleyofHeros Intro', 1, 1, @GOPTION+6, 0, @GSCRIPT+110, 0, 0, 'Sure about the song?'),
(@GOPTION+6, 15, 8, 'Moment-Orgrimmar', 1, 1, @GOPTION+6, 0, @GSCRIPT+111, 0, 0, 'Sure about the song?'),
(@GOPTION+6, 16, 8, 'Moment-Orgrimmar01', 1, 1, @GOPTION+6, 0, @GSCRIPT+112, 0, 0, 'Sure about the song?'),
(@GOPTION+6, 17, 8, 'Zone Music Day Orgrimmar City', 1, 1, @GOPTION+6, 0, @GSCRIPT+113, 0, 0, 'Sure about the song?'),
(@GOPTION+6, 18, 8, 'Moment - Orgrimmar02', 1, 1, @GOPTION+6, 0, @GSCRIPT+114, 0, 0, 'Sure about the song?'),
(@GOPTION+6, 19, 8, 'Zone - Orgrimmar02', 1, 1, @GOPTION+6, 0, @GSCRIPT+115, 0, 0, 'Sure about the song?'),
(@GOPTION+6, 20, 8, 'Zone-Orgrimmar', 1, 1, @GOPTION+6, 0, @GSCRIPT+116, 0, 0, 'Sure about the song?'),
(@GOPTION+6, 21, 8, 'Moment-Orgrimmar Intro', 1, 1, @GOPTION+6, 0, @GSCRIPT+117, 0, 0, 'Sure about the song?'),
(@GOPTION+6, 22, 4, 'Next page', 1, 1, @GOPTION+38, 0, 0, 0, 0, ''),
(@GOPTION+6, 23, 4, 'Back..', 1, 1, @GOPTION, 0, 0, 0, 0, ''),
(@GOPTION+7, 1, 8, 'Zone-Jungle Day', 1, 1, @GOPTION+7, 0, @GSCRIPT+140, 0, 0, 'Sure about the song?'),
(@GOPTION+7, 2, 8, 'Zone-Jungle Night', 1, 1, @GOPTION+7, 0, @GSCRIPT+141, 0, 0, 'Sure about the song?'),
(@GOPTION+7, 3, 8, 'Zone-Mountain Day', 1, 1, @GOPTION+7, 0, @GSCRIPT+142, 0, 0, 'Sure about the song?'),
(@GOPTION+7, 4, 8, 'Zone-Mountain Night', 1, 1, @GOPTION+7, 0, @GSCRIPT+143, 0, 0, 'Sure about the song?'),
(@GOPTION+7, 5, 8, 'Zone-Plains Day', 1, 1, @GOPTION+7, 0, @GSCRIPT+144, 0, 0, 'Sure about the song?'),
(@GOPTION+7, 6, 8, 'ZonePlains Night', 1, 1, @GOPTION+7, 0, @GSCRIPT+145, 0, 0, 'Sure about the song?'),
(@GOPTION+7, 7, 8, 'Zone-Forest Day', 1, 1, @GOPTION+7, 0, @GSCRIPT+146, 0, 0, 'Sure about the song?'),
(@GOPTION+7, 8, 8, 'Zone-DarkForest', 1, 1, @GOPTION+7, 0, @GSCRIPT+147, 0, 0, 'Sure about the song?'),
(@GOPTION+7, 9, 8, 'Zone-Night Forest', 1, 1, @GOPTION+7, 0, @GSCRIPT+148, 0, 0, 'Sure about the song?'),
(@GOPTION+7, 10, 8, 'Zone-EvilForest Day', 1, 1, @GOPTION+7, 0, @GSCRIPT+149, 0, 0, 'Sure about the song?'),
(@GOPTION+7, 11, 8, 'Zone-Evil Forest Night', 1, 1, @GOPTION+7, 0, @GSCRIPT+150, 0, 0, 'Sure about the song?'),
(@GOPTION+7, 12, 8, 'Zone-EnchantedForest Day', 1, 1, @GOPTION+7, 0, @GSCRIPT+151, 0, 0, 'Sure about the song?'),
(@GOPTION+7, 13, 8, 'Zone-EnchantedForest Night', 1, 1, @GOPTION+7, 0, @GSCRIPT+152, 0, 0, 'Sure about the song?'),
(@GOPTION+7, 14, 8, 'Zone-Desert Day', 1, 1, @GOPTION+7, 0, @GSCRIPT+153, 0, 0, 'Sure about the song?'),
(@GOPTION+7, 15, 8, 'Zone-Desert Cave', 1, 1, @GOPTION+7, 0, @GSCRIPT+154, 0, 0, 'Sure about the song?'),
(@GOPTION+7, 16, 8, 'Zone-Desert Night', 1, 1, @GOPTION+7, 0, @GSCRIPT+155, 0, 0, 'Sure about the song?'),
(@GOPTION+7, 17, 8, 'Zone-Soggy Night', 1, 1, @GOPTION+7, 0, @GSCRIPT+156, 0, 0, 'Sure about the song?'),
(@GOPTION+7, 18, 8, 'Zone-Soggy Day', 1, 1, @GOPTION+7, 0, @GSCRIPT+157, 0, 0, 'Sure about the song?'),
(@GOPTION+7, 19, 4, 'Back..', 1, 1, @GOPTION, 0, 0, 0, 0, ''),
(@GOPTION+8, 1, 8, 'Intro-MagistersTerrace', 1, 1, @GOPTION+8, 0, @GSCRIPT+158, 0, 0, 'Sure about the song?'),
(@GOPTION+8, 2, 8, 'Zone-MagistersTerraceKaelThas', 1, 1, @GOPTION+8, 0, @GSCRIPT+159, 0, 0, 'Sure about the song?'),
(@GOPTION+8, 3, 8, 'Event-SW-KilJaedenDefeat02', 1, 1, @GOPTION+8, 0, @GSCRIPT+160, 0, 0, 'Sure about the song?'),
(@GOPTION+8, 4, 8, 'Intro-SunwellPlateau', 1, 1, @GOPTION+8, 0, @GSCRIPT+161, 0, 0, 'Sure about the song?'),
(@GOPTION+8, 5, 8, 'Event-SW-KilJaedenDefeat01', 1, 1, @GOPTION+8, 0, @GSCRIPT+162, 0, 0, 'Sure about the song?'),
(@GOPTION+8, 6, 8, 'Event-SunwellBombRun', 1, 1, @GOPTION+8, 0, @GSCRIPT+163, 0, 0, 'Sure about the song?'),
(@GOPTION+8, 7, 4, 'Back..', 1, 1, @GOPTION, 0, 0, 0, 0, ''),
(@GOPTION+9, 1, 8, 'Intro-StratholmePastAlleyEnd', 1, 1, @GOPTION+9, 0, @GSCRIPT+164, 0, 0, 'Sure about the song?'),
(@GOPTION+9, 2, 8, 'Intro-StratholmePastAlleyIntro', 1, 1, @GOPTION+9, 0, @GSCRIPT+165, 0, 0, 'Sure about the song?'),
(@GOPTION+9, 3, 8, 'Intro-StratholmePastTownHall', 1, 1, @GOPTION+9, 0, @GSCRIPT+166, 0, 0, 'Sure about the song?'),
(@GOPTION+9, 4, 8, 'Zone-StratholmePastIndoorsWalk', 1, 1, @GOPTION+9, 0, @GSCRIPT+167, 0, 0, 'Sure about the song?'),
(@GOPTION+9, 5, 8, 'Zone-StratholmePastOutdoorsDay', 1, 1, @GOPTION+9, 0, @GSCRIPT+168, 0, 0, 'Sure about the song?'),
(@GOPTION+9, 6, 8, 'Intro-StratholmePastMal\'Ganis', 1, 1, @GOPTION+9, 0, @GSCRIPT+169, 0, 0, 'Sure about the song?'),
(@GOPTION+9, 7, 8, 'Intro-StratholmePastOutdoors', 1, 1, @GOPTION+9, 0, @GSCRIPT+170, 0, 0, 'Sure about the song?'),
(@GOPTION+9, 8, 8, 'Music_Temp_88', 1, 1, @GOPTION+9, 0, @GSCRIPT+171, 0, 0, 'Sure about the song?'),
(@GOPTION+9, 9, 8, 'Zone-StratholmePastOutdoorsNigh', 1, 1, @GOPTION+9, 0, @GSCRIPT+172, 0, 0, 'Sure about the song?'),
(@GOPTION+9, 10, 4, 'Back..', 1, 1, @GOPTION, 0, 0, 0, 0, ''),
(@GOPTION+10, 1, 8, 'Zone-Pillartops', 1, 1, @GOPTION+10, 0, @GSCRIPT+173, 0, 0, 'Sure about the song?'),
(@GOPTION+10, 2, 8, 'Zone-FireWalk', 1, 1, @GOPTION+10, 0, @GSCRIPT+174, 0, 0, 'Sure about the song?'),
(@GOPTION+10, 3, 8, 'Zone-LifeBloodCave', 1, 1, @GOPTION+10, 0, @GSCRIPT+175, 0, 0, 'Sure about the song?'),
(@GOPTION+10, 4, 8, 'Zone-MakersTerrace', 1, 1, @GOPTION+10, 0, @GSCRIPT+176, 0, 0, 'Sure about the song?'),
(@GOPTION+10, 5, 8, 'Music_Temp_83', 1, 1, @GOPTION+10, 0, @GSCRIPT+177, 0, 0, 'Sure about the song?'),
(@GOPTION+10, 6, 8, 'Zone-PathofLife', 1, 1, @GOPTION+10, 0, @GSCRIPT+178, 0, 0, 'Sure about the song?'),
(@GOPTION+10, 7, 8, 'Zone-SholazarWalkDay', 1, 1, @GOPTION+10, 0, @GSCRIPT+179, 0, 0, 'Sure about the song?'),
(@GOPTION+10, 8, 8, 'Zone-SholazarWalkNight', 1, 1, @GOPTION+10, 0, @GSCRIPT+180, 0, 0, 'Sure about the song?'),
(@GOPTION+10, 9, 4, 'Back..', 1, 1, @GOPTION, 0, 0, 0, 0, ''),
(@GOPTION+11, 1, 8, 'Zone-TerokkarAchinounWalk', 1, 1, @GOPTION+11, 0, @GSCRIPT+181, 0, 0, 'Sure about the song?'),
(@GOPTION+11, 2, 8, 'Zone-BoneWastesUni', 1, 1, @GOPTION+11, 0, @GSCRIPT+182, 0, 0, 'Sure about the song?'),
(@GOPTION+11, 3, 8, 'Zone-Terokkar', 1, 1, @GOPTION+11, 0, @GSCRIPT+183, 0, 0, 'Sure about the song?'),
(@GOPTION+11, 4, 8, 'Zone-TerokkarShattrath', 1, 1, @GOPTION+11, 0, @GSCRIPT+184, 0, 0, 'Sure about the song?'),
(@GOPTION+11, 5, 8, 'Intro-OL_Broken', 1, 1, @GOPTION+11, 0, @GSCRIPT+185, 0, 0, 'Sure about the song?'),
(@GOPTION+11, 6, 8, 'Intro-OutlandMilitaryBattle', 1, 1, @GOPTION+11, 0, @GSCRIPT+186, 0, 0, 'Sure about the song?'),
(@GOPTION+11, 7, 8, 'Zone-OutlandActionWalk', 1, 1, @GOPTION+11, 0, @GSCRIPT+187, 0, 0, 'Sure about the song?'),
(@GOPTION+11, 8, 8, 'Zone-OutlandsAllianceBase', 1, 1, @GOPTION+11, 0, @GSCRIPT+188, 0, 0, 'Sure about the song?'),
(@GOPTION+11, 9, 8, 'Zone-OutlandBloodElfBase', 1, 1, @GOPTION+11, 0, @GSCRIPT+189, 0, 0, 'Sure about the song?'),
(@GOPTION+11, 10, 8, 'Intro-OutlandCenarion01', 1, 1, @GOPTION+11, 0, @GSCRIPT+190, 0, 0, 'Sure about the song?'),
(@GOPTION+11, 11, 8, 'Intro-OutlandCenarion02', 1, 1, @GOPTION+11, 0, @GSCRIPT+191, 0, 0, 'Sure about the song?'),
(@GOPTION+11, 12, 8, 'Zone-OutlandCorruptRetail', 1, 1, @GOPTION+11, 0, @GSCRIPT+192, 0, 0, 'Sure about the song?'),
(@GOPTION+11, 13, 8, 'Intro-OutlandCorrupt', 1, 1, @GOPTION+11, 0, @GSCRIPT+193, 0, 0, 'Sure about the song?'),
(@GOPTION+11, 14, 8, 'Intro-OutlandCrystal01', 1, 1, @GOPTION+11, 0, @GSCRIPT+194, 0, 0, 'Sure about the song?'),
(@GOPTION+11, 15, 8, 'Zone-OutlandDraeneiBase', 1, 1, @GOPTION+11, 0, @GSCRIPT+195, 0, 0, 'Sure about the song?'),
(@GOPTION+11, 16, 8, 'Intro-OutlandFelOrc02', 1, 1, @GOPTION+11, 0, @GSCRIPT+196, 0, 0, 'Sure about the song?'),
(@GOPTION+11, 17, 8, 'Zone-OutlandsHordeBase', 1, 1, @GOPTION+11, 0, @GSCRIPT+197, 0, 0, 'Sure about the song?'),
(@GOPTION+11, 18, 8, 'Zone-ThrallmarWalk', 1, 1, @GOPTION+11, 0, @GSCRIPT+198, 0, 0, 'Sure about the song?'),
(@GOPTION+11, 19, 8, 'Intro-OutlandIllidansArmy01', 1, 1, @GOPTION+11, 0, @GSCRIPT+199, 0, 0, 'Sure about the song?'),
(@GOPTION+11, 20, 4, 'Back..', 1, 1, @GOPTION, 0, 0, 0, 0, ''),
(@GOPTION+12, 1, 8, 'Zone-NorthrenTroll', 1, 1, @GOPTION+12, 0, @GSCRIPT+200, 0, 0, 'Sure about the song?'),
(@GOPTION+12, 2, 8, 'Zone-GundrakTombofAncients', 1, 1, @GOPTION+12, 0, @GSCRIPT+201, 0, 0, 'Sure about the song?'),
(@GOPTION+12, 3, 8, 'Zone-TaunkaDay', 1, 1, @GOPTION+12, 0, @GSCRIPT+202, 0, 0, 'Sure about the song?'),
(@GOPTION+12, 4, 8, 'Zone-TaunkaNight', 1, 1, @GOPTION+12, 0, @GSCRIPT+203, 0, 0, 'Sure about the song?'),
(@GOPTION+12, 5, 8, 'Zone-NorthrenOrcGeneralDay', 1, 1, @GOPTION+12, 0, @GSCRIPT+204, 0, 0, 'Sure about the song?'),
(@GOPTION+12, 6, 8, 'Zone-NorthrenOrcGeneralNight', 1, 1, @GOPTION+12, 0, @GSCRIPT+205, 0, 0, 'Sure about the song?'),
(@GOPTION+12, 7, 8, 'Zone-NorthrenTransportDay', 1, 1, @GOPTION+12, 0, @GSCRIPT+206, 0, 0, 'Sure about the song?'),
(@GOPTION+12, 8, 8, 'Zone-NorthrenTransportNight', 1, 1, @GOPTION+12, 0, @GSCRIPT+207, 0, 0, 'Sure about the song?'),
(@GOPTION+12, 9, 8, ' Zone-IronDwarfDay', 1, 1, @GOPTION+12, 0, @GSCRIPT+208, 0, 0, 'Sure about the song?'),
(@GOPTION+12, 10, 8, ' Zone-IronDwarfNight', 1, 1, @GOPTION+12, 0, @GSCRIPT+209, 0, 0, 'Sure about the song?'),
(@GOPTION+12, 11, 4, 'Back..', 1, 1, @GOPTION, 0, 0, 0, 0, ''),
(@GOPTION+13, 1, 8, 'Zone-NaxxramasAbominationBoss', 1, 1, @GOPTION+13, 0, @GSCRIPT+210, 0, 0, 'Sure about the song?'),
(@GOPTION+13, 2, 8, 'Zone-NaxxramasAbomination', 1, 1, @GOPTION+13, 0, @GSCRIPT+211, 0, 0, 'Sure about the song?'),
(@GOPTION+13, 3, 8, 'Zone-NaxxramasFrostWyrm', 1, 1, @GOPTION+13, 0, @GSCRIPT+212, 0, 0, 'Sure about the song?'),
(@GOPTION+13, 4, 8, 'Zone-NaxxramasKelthuzad', 1, 1, @GOPTION+13, 0, @GSCRIPT+213, 0, 0, 'Sure about the song?'),
(@GOPTION+13, 5, 8, 'Zone-NaxxramasPlagueBoss', 1, 1, @GOPTION+13, 0, @GSCRIPT+214, 0, 0, 'Sure about the song?'),
(@GOPTION+13, 6, 8, 'Zone-NaxxramasPlague', 1, 1, @GOPTION+13, 0, @GSCRIPT+215, 0, 0, 'Sure about the song?'),
(@GOPTION+13, 7, 8, 'Zone-NaxxramasSpiderBoss', 1, 1, @GOPTION+13, 0, @GSCRIPT+216, 0, 0, 'Sure about the song?'),
(@GOPTION+13, 8, 8, 'Zone-NaxxramasSpider', 1, 1, @GOPTION+13, 0, @GSCRIPT+217, 0, 0, 'Sure about the song?'),
(@GOPTION+13, 9, 8, 'Zone - NaxxramsDeathKnight', 1, 1, @GOPTION+13, 0, @GSCRIPT+218, 0, 0, 'Sure about the song?'),
(@GOPTION+13, 10, 8, 'Zone-EbonHDeathsBreachWalk', 1, 1, @GOPTION+13, 0, @GSCRIPT+219, 0, 0, 'Sure about the song?'),
(@GOPTION+13, 11, 4, 'Back..', 1, 1, @GOPTION, 0, 0, 0, 0, ''),
(@GOPTION+14, 1, 8, 'Zone-KarazhanBackstageWalk', 1, 1, @GOPTION+14, 0, @GSCRIPT+220, 0, 0, 'Sure about the song?'),
(@GOPTION+14, 2, 8, 'Intro-KarazhanFoyerWalk', 1, 1, @GOPTION+14, 0, @GSCRIPT+221, 0, 0, 'Sure about the song?'),
(@GOPTION+14, 3, 8, 'Zone-KarazhanFoyerWalk', 1, 1, @GOPTION+14, 0, @GSCRIPT+222, 0, 0, 'Sure about the song?'),
(@GOPTION+14, 4, 8, 'Zone-KarazhanGeneralDefault', 1, 1, @GOPTION+14, 0, @GSCRIPT+223, 0, 0, 'Sure about the song?'),
(@GOPTION+14, 5, 8, 'Zone-KarazhanSculleryWalk', 1, 1, @GOPTION+14, 0, @GSCRIPT+224, 0, 0, 'Sure about the song?'),
(@GOPTION+14, 6, 8, 'Zone-KarazhanLibraryWalk', 1, 1, @GOPTION+14, 0, @GSCRIPT+225, 0, 0, 'Sure about the song?'),
(@GOPTION+14, 7, 8, 'Zone-KarazhanMalchezaarWalk', 1, 1, @GOPTION+14, 0, @GSCRIPT+226, 0, 0, 'Sure about the song?'),
(@GOPTION+14, 8, 8, 'Zone-KarazhanBallroomBanquetWal', 1, 1, @GOPTION+14, 0, @GSCRIPT+227, 0, 0, 'Sure about the song?'),
(@GOPTION+14, 9, 8, 'Zone-KarazhanOperaWalk', 1, 1, @GOPTION+14, 0, @GSCRIPT+228, 0, 0, 'Sure about the song?'),
(@GOPTION+14, 10, 8, 'Intro-KarazhanStableWalk', 1, 1, @GOPTION+14, 0, @GSCRIPT+229, 0, 0, 'Sure about the song?'),
(@GOPTION+14, 11, 8, 'Zone-KarazhanOutsideWalk', 1, 1, @GOPTION+14, 0, @GSCRIPT+230, 0, 0, 'Sure about the song?'),
(@GOPTION+14, 12, 8, 'Zone-KarazhanTowerMastersTerrac', 1, 1, @GOPTION+14, 0, @GSCRIPT+231, 0, 0, 'Sure about the song?'),
(@GOPTION+14, 13, 4, 'Back..', 1, 1, @GOPTION, 0, 0, 0, 0, ''),
(@GOPTION+15, 1, 8, 'Zone-GrizzlyHillsDay', 1, 1, @GOPTION+15, 0, @GSCRIPT+232, 0, 0, 'Sure about the song?'),
(@GOPTION+15, 2, 8, 'Zone-GrizzlyHillsNight', 1, 1, @GOPTION+15, 0, @GSCRIPT+233, 0, 0, 'Sure about the song?'),
(@GOPTION+15, 3, 8, 'Intro-GrizzlyHillsGeneral', 1, 1, @GOPTION+15, 0, @GSCRIPT+234, 0, 0, 'Sure about the song?'),
(@GOPTION+15, 4, 8, 'Intro-GrizzlyHillsB', 1, 1, @GOPTION+15, 0, @GSCRIPT+235, 0, 0, 'Sure about the song?'),
(@GOPTION+15, 5, 8, 'Zone-GrizzlyHillsDayB', 1, 1, @GOPTION+15, 0, @GSCRIPT+236, 0, 0, 'Sure about the song?'),
(@GOPTION+15, 6, 8, 'Zone-GrizzlyHillsDayC', 1, 1, @GOPTION+15, 0, @GSCRIPT+237, 0, 0, 'Sure about the song?'),
(@GOPTION+15, 7, 8, 'Zone-GrizzlyHillsNightB', 1, 1, @GOPTION+15, 0, @GSCRIPT+238, 0, 0, 'Sure about the song?'),
(@GOPTION+15, 8, 8, 'Zone-GrizzlyHillsNightC', 1, 1, @GOPTION+15, 0, @GSCRIPT+239, 0, 0, 'Sure about the song?'),
(@GOPTION+15, 9, 4, 'Back..', 1, 1, @GOPTION+36, 0, 0, 0, 0, ''),
(@GOPTION+16, 1, 8, 'Zone-EversongDarkWalk', 1, 1, @GOPTION+16, 0, @GSCRIPT+240, 0, 0, 'Sure about the song?'),
(@GOPTION+16, 2, 8, 'Zone-GhostlandsEversongDarkWalk', 1, 1, @GOPTION+16, 0, @GSCRIPT+241, 0, 0, 'Sure about the song?'),
(@GOPTION+16, 3, 8, 'Zone-GhostlandsDay', 1, 1, @GOPTION+16, 0, @GSCRIPT+242, 0, 0, 'Sure about the song?'),
(@GOPTION+16, 4, 8, 'Zone-GhostlandsNight', 1, 1, @GOPTION+16, 0, @GSCRIPT+243, 0, 0, 'Sure about the song?'),
(@GOPTION+16, 5, 8, 'Zone-DeatholmeDay', 1, 1, @GOPTION+16, 0, @GSCRIPT+244, 0, 0, 'Sure about the song?'),
(@GOPTION+16, 6, 8, 'Zone-DeatholmeNight', 1, 1, @GOPTION+16, 0, @GSCRIPT+245, 0, 0, 'Sure about the song?'),
(@GOPTION+16, 7, 8, 'Zone-OutlandBloodElfHostile', 1, 1, @GOPTION+16, 0, @GSCRIPT+246, 0, 0, 'Sure about the song?'),
(@GOPTION+16, 8, 8, 'Zone-GhostlandsScenicWalk', 1, 1, @GOPTION+16, 0, @GSCRIPT+247, 0, 0, 'Sure about the song?'),
(@GOPTION+16, 9, 8, 'Zone-GhostlandsShalandisWalk', 1, 1, @GOPTION+16, 0, @GSCRIPT+248, 0, 0, 'Sure about the song?'),
(@GOPTION+16, 10, 8, 'Zone-Shalandis', 1, 1, @GOPTION+16, 0, @GSCRIPT+249, 0, 0, 'Sure about the song?'),
(@GOPTION+16, 11, 4, 'Back..', 1, 1, @GOPTION+36, 0, 0, 0, 0, ''),
(@GOPTION+17, 1, 8, 'Zone-EversongBuildingsDay', 1, 1, @GOPTION+17, 0, @GSCRIPT+250, 0, 0, 'Sure about the song?'),
(@GOPTION+17, 2, 8, 'Zone-EversongBuildingsNight', 1, 1, @GOPTION+17, 0, @GSCRIPT+251, 0, 0, 'Sure about the song?'),
(@GOPTION+17, 3, 8, 'Zone-EversongRuinsDay', 1, 1, @GOPTION+17, 0, @GSCRIPT+252, 0, 0, 'Sure about the song?'),
(@GOPTION+17, 4, 8, 'Zone-EversongRuinsNight', 1, 1, @GOPTION+17, 0, @GSCRIPT+253, 0, 0, 'Sure about the song?'),
(@GOPTION+17, 5, 8, 'Zone-ScorchedGroveDay', 1, 1, @GOPTION+17, 0, @GSCRIPT+254, 0, 0, 'Sure about the song?'),
(@GOPTION+17, 6, 8, 'Zone-ScorchedGroveNight', 1, 1, @GOPTION+17, 0, @GSCRIPT+255, 0, 0, 'Sure about the song?'),
(@GOPTION+17, 7, 8, 'Zone-SilvermoonDay', 1, 1, @GOPTION+17, 0, @GSCRIPT+256, 0, 0, 'Sure about the song?'),
(@GOPTION+17, 8, 8, 'Zone-SilvermoonNight', 1, 1, @GOPTION+17, 0, @GSCRIPT+257, 0, 0, 'Sure about the song?'),
(@GOPTION+17, 9, 8, 'Zone-EversongDay', 1, 1, @GOPTION+17, 0, @GSCRIPT+258, 0, 0, 'Sure about the song?'),
(@GOPTION+17, 10, 8, 'Zone-SunstriderIsleDay', 1, 1, @GOPTION+17, 0, @GSCRIPT+259, 0, 0, 'Sure about the song?'),
(@GOPTION+17, 11, 8, 'Zone-EversongNight', 1, 1, @GOPTION+17, 0, @GSCRIPT+260, 0, 0, 'Sure about the song?'),
(@GOPTION+17, 12, 8, 'Zone-SunstriderIsleNight', 1, 1, @GOPTION+17, 0, @GSCRIPT+261, 0, 0, 'Sure about the song?'),
(@GOPTION+17, 13, 4, 'Back..', 1, 1, @GOPTION+36, 0, 0, 0, 0, ''),
(@GOPTION+18, 1, 8, 'Intro--DragonBlightWyrmrest', 1, 1, @GOPTION+18, 0, @GSCRIPT+262, 0, 0, 'Sure about the song?'),
(@GOPTION+18, 2, 8, 'Zone-DragonblightDay', 1, 1, @GOPTION+18, 0, @GSCRIPT+263, 0, 0, 'Sure about the song?'),
(@GOPTION+18, 3, 8, 'Zone-DragonblightNight', 1, 1, @GOPTION+18, 0, @GSCRIPT+264, 0, 0, 'Sure about the song?'),
(@GOPTION+18, 4, 8, 'Zone-DragonBlightWyrmrestDay', 1, 1, @GOPTION+18, 0, @GSCRIPT+265, 0, 0, 'Sure about the song?'),
(@GOPTION+18, 5, 8, 'Zone-DragonBlightWyrmrestNight', 1, 1, @GOPTION+18, 0, @GSCRIPT+266, 0, 0, 'Sure about the song?'),
(@GOPTION+18, 6, 8, 'Zone-DragonblightTuskarrDay', 1, 1, @GOPTION+18, 0, @GSCRIPT+267, 0, 0, 'Sure about the song?'),
(@GOPTION+18, 7, 8, 'Zone-DragonblightTuskarrNight', 1, 1, @GOPTION+18, 0, @GSCRIPT+268, 0, 0, 'Sure about the song?'),
(@GOPTION+18, 8, 4, 'Back..', 1, 1, @GOPTION+36, 0, 0, 0, 0, ''),
(@GOPTION+19, 1, 8, 'Zone-DalaranCity', 1, 1, @GOPTION+19, 0, @GSCRIPT+269, 0, 0, 'Sure about the song?'),
(@GOPTION+19, 2, 8, 'Intro-DalaranCity', 1, 1, @GOPTION+19, 0, @GSCRIPT+270, 0, 0, 'Sure about the song?'),
(@GOPTION+19, 3, 8, 'Zone-DalaranSewersWalkUni', 1, 1, @GOPTION+19, 0, @GSCRIPT+271, 0, 0, 'Sure about the song?'),
(@GOPTION+19, 4, 8, 'Zone-DalaranCitadelInteriorWalk', 1, 1, @GOPTION+19, 0, @GSCRIPT+272, 0, 0, 'Sure about the song?'),
(@GOPTION+19, 5, 8, 'Zone-DalaranCityCitadelInterior', 1, 1, @GOPTION+19, 0, @GSCRIPT+273, 0, 0, 'Sure about the song?'),
(@GOPTION+19, 6, 8, 'Zone-VioletHoldWalkUni', 1, 1, @GOPTION+19, 0, @GSCRIPT+274, 0, 0, 'Sure about the song?'),
(@GOPTION+19, 7, 8, 'Zone-CrystalSongForest', 1, 1, @GOPTION+19, 0, @GSCRIPT+275, 0, 0, 'Sure about the song?'),
(@GOPTION+19, 8, 4, 'Back..', 1, 1, @GOPTION+36, 0, 0, 0, 0, ''),
(@GOPTION+20, 1, 8, 'Altervac Valley_PVP', 1, 1, @GOPTION+20, 0, @GSCRIPT+276, 0, 0, 'Sure about the song?'),
(@GOPTION+20, 2, 8, 'Zone-Cursed Land Felwood', 1, 1, @GOPTION+20, 0, @GSCRIPT+277, 0, 0, 'Sure about the song?'),
(@GOPTION+20, 3, 8, 'Zone-CursedLandFelwoodFurbolg', 1, 1, @GOPTION+20, 0, @GSCRIPT+278, 0, 0, 'Sure about the song?'),
(@GOPTION+20, 4, 8, 'Zone - Plaguelands', 1, 1, @GOPTION+20, 0, @GSCRIPT+279, 0, 0, 'Sure about the song?'),
(@GOPTION+20, 5, 4, 'Back..', 1, 1, @GOPTION+36, 0, 0, 0, 0, ''),
(@GOPTION+21, 1, 8, 'Zone-ChamberAspects01Day', 1, 1, @GOPTION+21, 0, @GSCRIPT+280, 0, 0, 'Sure about the song?'),
(@GOPTION+21, 2, 8, 'Zone-ChamberAspects01Night', 1, 1, @GOPTION+21, 0, @GSCRIPT+281, 0, 0, 'Sure about the song?'),
(@GOPTION+21, 3, 8, 'Intro-ChamberAspects01Day', 1, 1, @GOPTION+21, 0, @GSCRIPT+282, 0, 0, 'Sure about the song?'),
(@GOPTION+21, 4, 8, 'Intro-ChamberAspects01Night', 1, 1, @GOPTION+21, 0, @GSCRIPT+283, 0, 0, 'Sure about the song?'),
(@GOPTION+21, 5, 4, 'Back..', 1, 1, @GOPTION+36, 0, 0, 0, 0, ''),
(@GOPTION+22, 1, 8, 'Intro-CavernsofTimeFlight', 1, 1, @GOPTION+22, 0, @GSCRIPT+284, 0, 0, 'Sure about the song?'),
(@GOPTION+22, 2, 8, 'Zone-CavernsofTimeRetail', 1, 1, @GOPTION+22, 0, @GSCRIPT+285, 0, 0, 'Sure about the song?'),
(@GOPTION+22, 3, 8, 'Zone-CavernsofTimeWalk', 1, 1, @GOPTION+22, 0, @GSCRIPT+286, 0, 0, 'Sure about the song?'),
(@GOPTION+22, 4, 8, 'Zone-CavernsofTimeDurnholdeCell', 1, 1, @GOPTION+22, 0, @GSCRIPT+287, 0, 0, 'Sure about the song?'),
(@GOPTION+22, 5, 8, 'Zone-CavernsofTimeDurnholdeKExt', 1, 1, @GOPTION+22, 0, @GSCRIPT+288, 0, 0, 'Sure about the song?'),
(@GOPTION+22, 6, 8, 'Zone-CavernsofTimeDurnholdeKInt', 1, 1, @GOPTION+22, 0, @GSCRIPT+289, 0, 0, 'Sure about the song?'),
(@GOPTION+22, 7, 8, 'Zone-CavernsoftimeHillsbradExtW', 1, 1, @GOPTION+22, 0, @GSCRIPT+290, 0, 0, 'Sure about the song?'),
(@GOPTION+22, 8, 8, 'Zone-CavernsofTimeHyjalExtWalk', 1, 1, @GOPTION+22, 0, @GSCRIPT+291, 0, 0, 'Sure about the song?'),
(@GOPTION+22, 9, 8, 'Event-HyjalPastWisp', 1, 1, @GOPTION+22, 0, @GSCRIPT+292, 0, 0, 'Sure about the song?'),
(@GOPTION+22, 10, 8, 'Event_CT_HyjalExtWalk09', 1, 1, @GOPTION+22, 0, @GSCRIPT+293, 0, 0, 'Sure about the song?'),
(@GOPTION+22, 11, 8, 'Zone-HyjalPastBaseWalk', 1, 1, @GOPTION+22, 0, @GSCRIPT+294, 0, 0, 'Sure about the song?'),
(@GOPTION+22, 12, 8, 'Zone-HyjalPastHordeCampWalk ', 1, 1, @GOPTION+22, 0, @GSCRIPT+295, 0, 0, 'Sure about the song?'),
(@GOPTION+22, 13, 8, 'Zone-HyjalPastNordrassilWalk', 1, 1, @GOPTION+22, 0, @GSCRIPT+296, 0, 0, 'Sure about the song?'),
(@GOPTION+22, 14, 8, 'Zone-HyjalPastSummitWalk ', 1, 1, @GOPTION+22, 0, @GSCRIPT+297, 0, 0, 'Sure about the song?'),
(@GOPTION+22, 15, 8, 'Zone-CavernsofTimeBlackMorassWa', 1, 1, @GOPTION+22, 0, @GSCRIPT+298, 0, 0, 'Sure about the song?'),
(@GOPTION+22, 16, 8, 'Zone-CavernsofTimeTarrenMillExt', 1, 1, @GOPTION+22, 0, @GSCRIPT+299, 0, 0, 'Sure about the song?'),
(@GOPTION+22, 17, 4, 'Back..', 1, 1, @GOPTION+36, 0, 0, 0, 0, ''),
(@GOPTION+23, 1, 8, 'Zone-ColdarraGeneralWalk', 1, 1, @GOPTION+23, 0, @GSCRIPT+300, 0, 0, 'Sure about the song?'),
(@GOPTION+23, 2, 8, 'Zone-BoreanTundraDay', 1, 1, @GOPTION+23, 0, @GSCRIPT+301, 0, 0, 'Sure about the song?'),
(@GOPTION+23, 3, 8, 'Zone-NorthrenScourge', 1, 1, @GOPTION+23, 0, @GSCRIPT+302, 0, 0, 'Sure about the song?'),
(@GOPTION+23, 4, 8, 'Zone-BoreanTundraNight', 1, 1, @GOPTION+23, 0, @GSCRIPT+303, 0, 0, 'Sure about the song?'),
(@GOPTION+23, 5, 8, 'Zone-BoreanTundraGeyserFields', 1, 1, @GOPTION+23, 0, @GSCRIPT+304, 0, 0, 'Sure about the song?'),
(@GOPTION+23, 6, 8, 'Zone-NorthrenRiplashDay', 1, 1, @GOPTION+23, 0, @GSCRIPT+305, 0, 0, 'Sure about the song?'),
(@GOPTION+23, 7, 8, 'Zone-NorthrenRiplashNight', 1, 1, @GOPTION+23, 0, @GSCRIPT+306, 0, 0, 'Sure about the song?'),
(@GOPTION+23, 8, 4, 'Back..', 1, 1, @GOPTION+36, 0, 0, 0, 0, ''),
(@GOPTION+24, 1, 8, 'Intro-BlackTempleVigil', 1, 1, @GOPTION+24, 0, @GSCRIPT+307, 0, 0, 'Sure about the song?'),
(@GOPTION+24, 2, 8, 'Zone-BlackTempleWalk', 1, 1, @GOPTION+24, 0, @GSCRIPT+308, 0, 0, 'Sure about the song?'),
(@GOPTION+24, 3, 8, 'Zone-BlackTempleSanctuaryWalk', 1, 1, @GOPTION+24, 0, @GSCRIPT+309, 0, 0, 'Sure about the song?'),
(@GOPTION+24, 4, 8, 'Intro-BlackTempleSanctuary', 1, 1, @GOPTION+24, 0, @GSCRIPT+310, 0, 0, 'Sure about the song?'),
(@GOPTION+24, 5, 8, 'Zone-BlackTempleIllidariWalk', 1, 1, @GOPTION+24, 0, @GSCRIPT+311, 0, 0, 'Sure about the song?'),
(@GOPTION+24, 6, 8, 'Zone-BlackTempleVigilWalk', 1, 1, @GOPTION+24, 0, @GSCRIPT+312, 0, 0, 'Sure about the song?'),
(@GOPTION+24, 7, 8, 'Intro-BlackTempleKarabor', 1, 1, @GOPTION+24, 0, @GSCRIPT+313, 0, 0, 'Sure about the song?'),
(@GOPTION+24, 8, 8, 'Event_BT_IllidariWalkUni10', 1, 1, @GOPTION+24, 0, @GSCRIPT+314, 0, 0, 'Sure about the song?'),
(@GOPTION+24, 9, 8, 'Intro-BlackTempleIllidari', 1, 1, @GOPTION+24, 0, @GSCRIPT+315, 0, 0, 'Sure about the song?'),
(@GOPTION+24, 10, 8, 'Event_BlackTemplePreludeEvent01', 1, 1, @GOPTION+24, 0, @GSCRIPT+316, 0, 0, 'Sure about the song?'),
(@GOPTION+24, 11, 8, 'Zone-BlackTempleReliquaryWalk', 1, 1, @GOPTION+24, 0, @GSCRIPT+317, 0, 0, 'Sure about the song?'),
(@GOPTION+24, 12, 8, 'Event_BT_ReliquaryWalkUni05', 1, 1, @GOPTION+24, 0, @GSCRIPT+318, 0, 0, 'Sure about the song?'),
(@GOPTION+24, 13, 8, 'Intro-BlackTempleReliquary', 1, 1, @GOPTION+24, 0, @GSCRIPT+319, 0, 0, 'Sure about the song?'),
(@GOPTION+24, 14, 8, 'Zone-BlackTempleAnguishWalk', 1, 1, @GOPTION+24, 0, @GSCRIPT+320, 0, 0, 'Sure about the song?'),
(@GOPTION+24, 15, 8, 'Event_BT_SanctuaryWalkHero01', 1, 1, @GOPTION+24, 0, @GSCRIPT+321, 0, 0, 'Sure about the song?'),
(@GOPTION+24, 16, 8, 'Intro-BlackTempleRefectory', 1, 1, @GOPTION+24, 0, @GSCRIPT+322, 0, 0, 'Sure about the song?'),
(@GOPTION+24, 17, 8, 'Event_BT_SanctuaryWalkUni08', 1, 1, @GOPTION+24, 0, @GSCRIPT+323, 0, 0, 'Sure about the song?'),
(@GOPTION+24, 18, 8, 'Intro-BlackTempleAnguish', 1, 1, @GOPTION+24, 0, @GSCRIPT+324, 0, 0, 'Sure about the song?'),
(@GOPTION+24, 19, 8, 'Event_BT_StormWalkHero02', 1, 1, @GOPTION+24, 0, @GSCRIPT+325, 0, 0, 'Sure about the song?'),
(@GOPTION+24, 20, 8, 'Event_BT_StormWalkUni01', 1, 1, @GOPTION+24, 0, @GSCRIPT+326, 0, 0, 'Sure about the song?'),
(@GOPTION+24, 21, 8, 'Event_BT_StormWalkUni03', 1, 1, @GOPTION+24, 0, @GSCRIPT+327, 0, 0, 'Sure about the song?'),
(@GOPTION+24, 22, 8, 'Event_BT_StormWalkUni04', 1, 1, @GOPTION+24, 0, @GSCRIPT+328, 0, 0, 'Sure about the song?'),
(@GOPTION+24, 23, 8, 'Event_BT_SummitWalkuni01', 1, 1, @GOPTION+24, 0, @GSCRIPT+329, 0, 0, 'Sure about the song?'),
(@GOPTION+24, 24, 8, 'Event_BT_SummitWalkUni02', 1, 1, @GOPTION+24, 0, @GSCRIPT+330, 0, 0, 'Sure about the song?'),
(@GOPTION+24, 25, 8, 'Event_BT_SummitWalkUni03', 1, 1, @GOPTION+24, 0, @GSCRIPT+331, 0, 0, 'Sure about the song?'),
(@GOPTION+24, 26, 8, 'Event_BT_SummitWalkUni04', 1, 1, @GOPTION+24, 0, @GSCRIPT+332, 0, 0, 'Sure about the song?'),
(@GOPTION+24, 27, 8, 'Event_BT_SummitWalkUni05', 1, 1, @GOPTION+24, 0, @GSCRIPT+333, 0, 0, 'Sure about the song?'),
(@GOPTION+24, 28, 4, 'Back..', 1, 1, @GOPTION+36, 0, 0, 0, 0, ''),
(@GOPTION+25, 1, 8, 'Moment-Orc Barren', 1, 1, @GOPTION+25, 0, @GSCRIPT+334, 0, 0, 'Sure about the song?'),
(@GOPTION+25, 2, 8, 'Zone-BarrenDry Day', 1, 1, @GOPTION+25, 0, @GSCRIPT+335, 0, 0, 'Sure about the song?'),
(@GOPTION+25, 3, 8, 'Zone-BarrenDry Night', 1, 1, @GOPTION+25, 0, @GSCRIPT+336, 0, 0, 'Sure about the song?'),
(@GOPTION+25, 4, 8, 'Zone-Crossroads', 1, 1, @GOPTION+25, 0, @GSCRIPT+337, 0, 0, 'Sure about the song?'),
(@GOPTION+25, 5, 4, 'Back..', 1, 1, @GOPTION+36, 0, 0, 0, 0, ''),
(@GOPTION+26, 1, 8, 'Intro-BladesEdgeOgrila', 1, 1, @GOPTION+26, 0, @GSCRIPT+338, 0, 0, 'Sure about the song?'),
(@GOPTION+26, 2, 8, 'Intro-DraeneiRestingUni', 1, 1, @GOPTION+26, 0, @GSCRIPT+339, 0, 0, 'Sure about the song?'),
(@GOPTION+26, 3, 8, 'Intro-Exodar', 1, 1, @GOPTION+26, 0, @GSCRIPT+340, 0, 0, 'Sure about the song?'),
(@GOPTION+26, 4, 8, 'Zone-ExodarWalking', 1, 1, @GOPTION+26, 0, @GSCRIPT+341, 0, 0, 'Sure about the song?'),
(@GOPTION+26, 5, 8, 'Zone-AzuremystNagaWalking', 1, 1, @GOPTION+26, 0, @GSCRIPT+342, 0, 0, 'Sure about the song?'),
(@GOPTION+26, 6, 8, 'Zone-AzuremystOwlWalking', 1, 1, @GOPTION+26, 0, @GSCRIPT+343, 0, 0, 'Sure about the song?'),
(@GOPTION+26, 7, 8, 'Zone-AmmenvaleDraeneiWalking', 1, 1, @GOPTION+26, 0, @GSCRIPT+344, 0, 0, 'Sure about the song?'),
(@GOPTION+26, 8, 8, 'Zone-AzureMystWalking', 1, 1, @GOPTION+26, 0, @GSCRIPT+345, 0, 0, 'Sure about the song?'),
(@GOPTION+26, 9, 4, 'Back..', 1, 1, @GOPTION+36, 0, 0, 0, 0, ''),
(@GOPTION+27, 1, 8, 'Intro-AzjolNerub', 1, 1, @GOPTION+27, 0, @GSCRIPT+346, 0, 0, 'Sure about the song?'),
(@GOPTION+27, 2, 8, 'Zone-AzjolNerubA', 1, 1, @GOPTION+27, 0, @GSCRIPT+347, 0, 0, 'Sure about the song?'),
(@GOPTION+27, 3, 8, 'Zone-AzjolNerubC', 1, 1, @GOPTION+27, 0, @GSCRIPT+348, 0, 0, 'Sure about the song?'),
(@GOPTION+27, 4, 8, 'Zone-AzjolNerubE', 1, 1, @GOPTION+27, 0, @GSCRIPT+349, 0, 0, 'Sure about the song?'),
(@GOPTION+27, 5, 8, 'Zone-AzjolNerubB', 1, 1, @GOPTION+27, 0, @GSCRIPT+350, 0, 0, 'Sure about the song?'),
(@GOPTION+27, 6, 8, 'Intro-AzjolNerubD', 1, 1, @GOPTION+27, 0, @GSCRIPT+351, 0, 0, 'Sure about the song?'),
(@GOPTION+27, 7, 8, 'Zone-AzjolNerubD', 1, 1, @GOPTION+27, 0, @GSCRIPT+352, 0, 0, 'Sure about the song?'),
(@GOPTION+27, 8, 4, 'Back..', 1, 1, @GOPTION+36, 0, 0, 0, 0, ''),
(@GOPTION+28, 1, 8, 'Zone - AhnQirajExterior', 1, 1, @GOPTION+28, 0, @GSCRIPT+353, 0, 0, 'Sure about the song?'),
(@GOPTION+28, 2, 8, 'Zone Music - AhnQirajInteriorWa', 1, 1, @GOPTION+28, 0, @GSCRIPT+354, 0, 0, 'Sure about the song?'),
(@GOPTION+28, 3, 8, 'AhnQirajInteriorCenterRoom', 1, 1, @GOPTION+28, 0, @GSCRIPT+355, 0, 0, 'Sure about the song?'),
(@GOPTION+28, 4, 8, 'Zone Music - AhnQirajInteriorIn', 1, 1, @GOPTION+28, 0, @GSCRIPT+356, 0, 0, 'Sure about the song?'),
(@GOPTION+28, 5, 8, 'AhnQirajKingRoom', 1, 1, @GOPTION+28, 0, @GSCRIPT+357, 0, 0, 'Sure about the song?'),
(@GOPTION+28, 6, 8, 'AhnQirajTriangleRoomWalking', 1, 1, @GOPTION+28, 0, @GSCRIPT+358, 0, 0, 'Sure about the song?'),
(@GOPTION+28, 7, 4, 'Back..', 1, 1, @GOPTION+36, 0, 0, 0, 0, ''),
(@GOPTION+29, 1, 8, 'Zone-NorthrenDarker', 1, 1, @GOPTION+29, 0, @GSCRIPT+359, 0, 0, 'Sure about the song?'),
(@GOPTION+29, 2, 8, 'Zone-BlackTempleDenWalk', 1, 1, @GOPTION+29, 0, @GSCRIPT+360, 0, 0, 'Sure about the song?'),
(@GOPTION+29, 3, 8, 'Zone-BlackTempleKaraborWalk', 1, 1, @GOPTION+29, 0, @GSCRIPT+361, 0, 0, 'Sure about the song?'),
(@GOPTION+29, 4, 8, 'Zone-BoreanTundraTuskarrDay', 1, 1, @GOPTION+29, 0, @GSCRIPT+362, 0, 0, 'Sure about the song?'),
(@GOPTION+29, 5, 8, 'Zone-BoreanTundraTuskarrNight', 1, 1, @GOPTION+29, 0, @GSCRIPT+363, 0, 0, 'Sure about the song?'),
(@GOPTION+29, 6, 8, 'Zone-EbonHArcherusWalk', 1, 1, @GOPTION+29, 0, @GSCRIPT+364, 0, 0, 'Sure about the song?'),
(@GOPTION+29, 7, 8, 'Zone-QuelDanasStage03', 1, 1, @GOPTION+29, 0, @GSCRIPT+365, 0, 0, 'Sure about the song?'),
(@GOPTION+29, 8, 8, 'Zone-QuelDanasDay', 1, 1, @GOPTION+29, 0, @GSCRIPT+366, 0, 0, 'Sure about the song?'),
(@GOPTION+29, 9, 8, 'Zone-QuelDanasNight', 1, 1, @GOPTION+29, 0, @GSCRIPT+367, 0, 0, 'Sure about the song?'),
(@GOPTION+29, 10, 8, 'Zone-QuelDanasStage02', 1, 1, @GOPTION+29, 0, @GSCRIPT+368, 0, 0, 'Sure about the song?'),
(@GOPTION+29, 11, 8, 'Zone-QuelDanasStage01', 1, 1, @GOPTION+29, 0, @GSCRIPT+369, 0, 0, 'Sure about the song?'),
(@GOPTION+29, 12, 8, 'Zone-BladesEdgeGruulsLairWalk', 1, 1, @GOPTION+29, 0, @GSCRIPT+370, 0, 0, 'Sure about the song?'),
(@GOPTION+29, 13, 8, 'Zone-UtgardeD', 1, 1, @GOPTION+29, 0, @GSCRIPT+371, 0, 0, 'Sure about the song?'),
(@GOPTION+29, 14, 8, 'Zone-VrykulWalk', 1, 1, @GOPTION+29, 0, @GSCRIPT+372, 0, 0, 'Sure about the song?'),
(@GOPTION+29, 15, 8, 'Zone-UtgardeA', 1, 1, @GOPTION+29, 0, @GSCRIPT+373, 0, 0, 'Sure about the song?'),
(@GOPTION+29, 16, 8, 'Zone-HowlingFjordTuskarrDay', 1, 1, @GOPTION+29, 0, @GSCRIPT+374, 0, 0, 'Sure about the song?'),
(@GOPTION+29, 17, 8, 'Zone-HowlingFjordTuskarrNight', 1, 1, @GOPTION+29, 0, @GSCRIPT+375, 0, 0, 'Sure about the song?'),
(@GOPTION+29, 18, 4, 'Next page', 1, 1, @GOPTION+39, 0, 0, 0, 0, ''),
(@GOPTION+29, 19, 4, 'Back..', 1, 1, @GOPTION+36, 0, 0, 0, 0, ''),
(@GOPTION+30, 1, 8, 'Intro-ZulDrakGeneralWalkIntro', 1, 1, @GOPTION+30, 0, @GSCRIPT+395, 0, 0, 'Sure about the song?'),
(@GOPTION+30, 2, 8, 'Zone-ZulDrakGeneralWalkDay', 1, 1, @GOPTION+30, 0, @GSCRIPT+396, 0, 0, 'Sure about the song?'),
(@GOPTION+30, 3, 8, 'Zone-ZulDrakGeneralWalkNight', 1, 1, @GOPTION+30, 0, @GSCRIPT+397, 0, 0, 'Sure about the song?'),
(@GOPTION+30, 4, 8, 'Zone-ZuldrakMamtoth', 1, 1, @GOPTION+30, 0, @GSCRIPT+398, 0, 0, 'Sure about the song?'),
(@GOPTION+30, 5, 8, 'Zone-ZuldrakQuetzlun', 1, 1, @GOPTION+30, 0, @GSCRIPT+399, 0, 0, 'Sure about the song?'),
(@GOPTION+30, 6, 8, 'Zone-ZuldrakRhunok', 1, 1, @GOPTION+30, 0, @GSCRIPT+400, 0, 0, 'Sure about the song?'),
(@GOPTION+30, 7, 8, 'Zone-ZuldrakSsertus', 1, 1, @GOPTION+30, 0, @GSCRIPT+401, 0, 0, 'Sure about the song?'),
(@GOPTION+30, 8, 4, 'Back..', 1, 1, @GOPTION+36, 0, 0, 0, 0, ''),
(@GOPTION+31, 1, 8, 'UD_DiscoBallMusic', 1, 1, @GOPTION+31, 0, @GSCRIPT+402, 0, 0, 'Sure about the song?'),
(@GOPTION+31, 2, 8, 'Event_DotD_Undead_Dance', 1, 1, @GOPTION+31, 0, @GSCRIPT+403, 0, 0, 'Sure about the song?'),
(@GOPTION+31, 3, 8, 'Weather - RainHeavy', 1, 1, @GOPTION+31, 0, @GSCRIPT+404, 0, 0, 'Sure about the song?'),
(@GOPTION+31, 4, 8, 'Weather - RainLight', 1, 1, @GOPTION+31, 0, @GSCRIPT+405, 0, 0, 'Sure about the song?'),
(@GOPTION+31, 5, 8, 'Weather - RainMedium', 1, 1, @GOPTION+31, 0, @GSCRIPT+406, 0, 0, 'Sure about the song?'),
(@GOPTION+31, 6, 8, 'Weather - SandstormHeavy', 1, 1, @GOPTION+31, 0, @GSCRIPT+407, 0, 0, 'Sure about the song?'),
(@GOPTION+31, 7, 8, 'Weather - SandstormLight', 1, 1, @GOPTION+31, 0, @GSCRIPT+408, 0, 0, 'Sure about the song?'),
(@GOPTION+31, 8, 8, 'Weather - SandstormMedium', 1, 1, @GOPTION+31, 0, @GSCRIPT+409, 0, 0, 'Sure about the song?'),
(@GOPTION+31, 9, 8, 'Weather - SnowHeavy', 1, 1, @GOPTION+31, 0, @GSCRIPT+410, 0, 0, 'Sure about the song?'),
(@GOPTION+31, 10, 8, 'Weather - SnowLight', 1, 1, @GOPTION+31, 0, @GSCRIPT+411, 0, 0, 'Sure about the song?'),
(@GOPTION+31, 11, 8, 'Weather - SnowMedium', 1, 1, @GOPTION+31, 0, @GSCRIPT+412, 0, 0, 'Sure about the song?'),
(@GOPTION+31, 12, 8, 'Ghost (DONOTRENAME),', 1, 1, @GOPTION+31, 0, @GSCRIPT+413, 0, 0, 'Sure about the song?'),
(@GOPTION+31, 13, 8, 'Zone Music Day Ghost', 1, 1, @GOPTION+31, 0, @GSCRIPT+414, 0, 0, 'Sure about the song?'),
(@GOPTION+31, 14, 8, 'Underwater (DONOTRENAME),', 1, 1, @GOPTION+31, 0, @GSCRIPT+415, 0, 0, 'Sure about the song?'),
(@GOPTION+31, 15, 4, 'Back..', 1, 1, @GOPTION+36, 0, 0, 0, 0, ''),
(@GOPTION+32, 1, 8, 'AhnQirajCthunStomach', 1, 1, @GOPTION+32, 0, @GSCRIPT+416, 0, 0, 'Sure about the song?'),
(@GOPTION+32, 2, 8, 'AhnQirajExterior', 1, 1, @GOPTION+32, 0, @GSCRIPT+417, 0, 0, 'Sure about the song?'),
(@GOPTION+32, 3, 8, 'AmaniPassDay', 1, 1, @GOPTION+32, 0, @GSCRIPT+418, 0, 0, 'Sure about the song?'),
(@GOPTION+32, 4, 8, 'AmaniPassNight', 1, 1, @GOPTION+32, 0, @GSCRIPT+419, 0, 0, 'Sure about the song?'),
(@GOPTION+32, 5, 8, 'AmanValeDay', 1, 1, @GOPTION+32, 0, @GSCRIPT+420, 0, 0, 'Sure about the song?'),
(@GOPTION+32, 6, 8, 'AmenValeNight', 1, 1, @GOPTION+32, 0, @GSCRIPT+421, 0, 0, 'Sure about the song?'),
(@GOPTION+32, 7, 8, 'AmmenValeCrashSiteDay', 1, 1, @GOPTION+32, 0, @GSCRIPT+422, 0, 0, 'Sure about the song?'),
(@GOPTION+32, 8, 8, 'AmmenValeCrashSiteNight', 1, 1, @GOPTION+32, 0, @GSCRIPT+423, 0, 0, 'Sure about the song?'),
(@GOPTION+32, 9, 8, 'AzureBreezeCoastDay', 1, 1, @GOPTION+32, 0, @GSCRIPT+424, 0, 0, 'Sure about the song?'),
(@GOPTION+32, 10, 8, 'AzureBreezeCoastNight', 1, 1, @GOPTION+32, 0, @GSCRIPT+425, 0, 0, 'Sure about the song?'),
(@GOPTION+32, 11, 8, 'BeachDay', 1, 1, @GOPTION+32, 0, @GSCRIPT+426, 0, 0, 'Sure about the song?'),
(@GOPTION+32, 12, 8, 'BeachNight', 1, 1, @GOPTION+32, 0, @GSCRIPT+427, 0, 0, 'Sure about the song?'),
(@GOPTION+32, 13, 8, 'BlackMorass', 1, 1, @GOPTION+32, 0, @GSCRIPT+428, 0, 0, 'Sure about the song?'),
(@GOPTION+32, 14, 8, 'BladesEdgeForest', 1, 1, @GOPTION+32, 0, @GSCRIPT+429, 0, 0, 'Sure about the song?'),
(@GOPTION+32, 15, 8, 'BladesEdgeGlobal', 1, 1, @GOPTION+32, 0, @GSCRIPT+430, 0, 0, 'Sure about the song?'),
(@GOPTION+32, 16, 8, 'BladesEdgeSylvanaar', 1, 1, @GOPTION+32, 0, @GSCRIPT+431, 0, 0, 'Sure about the song?'),
(@GOPTION+32, 17, 8, 'BloodMystIsleDay', 1, 1, @GOPTION+32, 0, @GSCRIPT+432, 0, 0, 'Sure about the song?'),
(@GOPTION+32, 18, 8, 'BloodMystIsleNight', 1, 1, @GOPTION+32, 0, @GSCRIPT+433, 0, 0, 'Sure about the song?'),
(@GOPTION+32, 19, 8, 'BoneWastes1', 1, 1, @GOPTION+32, 0, @GSCRIPT+434, 0, 0, 'Sure about the song?'),
(@GOPTION+32, 20, 8, 'BoreanTundraGeneralDay', 1, 1, @GOPTION+32, 0, @GSCRIPT+435, 0, 0, 'Sure about the song?'),
(@GOPTION+32, 21, 8, 'BoreanTundraGeneralNight', 1, 1, @GOPTION+32, 0, @GSCRIPT+436, 0, 0, 'Sure about the song?'),
(@GOPTION+32, 22, 8, 'CanyonDesertDay', 1, 1, @GOPTION+32, 0, @GSCRIPT+437, 0, 0, 'Sure about the song?'),
(@GOPTION+32, 23, 8, 'GlueScreenOrcTroll', 1, 1, @GOPTION+32, 0, @GSCRIPT+438, 0, 0, 'Sure about the song?'),
(@GOPTION+32, 24, 8, 'CanyonDesertNight', 1, 1, @GOPTION+32, 0, @GSCRIPT+439, 0, 0, 'Sure about the song?'),
(@GOPTION+32, 25, 8, 'ColdarraNightDay', 1, 1, @GOPTION+32, 0, @GSCRIPT+440, 0, 0, 'Sure about the song?'),
(@GOPTION+32, 26, 4, 'Next page', 1, 1, @GOPTION+40, 0, 0, 0, 0, ''),
(@GOPTION+32, 27, 4, 'Back..', 1, 1, @GOPTION+36, 0, 0, 0, 0, ''),
(@GOPTION+33, 1, 8, 'Zone-UtgardeC', 1, 1, @GOPTION+33, 0, @GSCRIPT+545, 0, 0, 'Sure about the song?'),
(@GOPTION+33, 2, 8, 'Zone-UtgardeF', 1, 1, @GOPTION+33, 0, @GSCRIPT+546, 0, 0, 'Sure about the song?'),
(@GOPTION+33, 3, 8, 'Zone-UtgardeB', 1, 1, @GOPTION+33, 0, @GSCRIPT+547, 0, 0, 'Sure about the song?'),
(@GOPTION+33, 4, 8, 'Zone-TempestKeepWalkingUni', 1, 1, @GOPTION+33, 0, @GSCRIPT+548, 0, 0, 'Sure about the song?'),
(@GOPTION+33, 5, 8, 'Zone-TempestKeepBosses', 1, 1, @GOPTION+33, 0, @GSCRIPT+549, 0, 0, 'Sure about the song?'),
(@GOPTION+33, 6, 8, 'Zone-StormpeaksDay', 1, 1, @GOPTION+33, 0, @GSCRIPT+550, 0, 0, 'Sure about the song?'),
(@GOPTION+33, 7, 8, 'Zone-StormpeaksNight', 1, 1, @GOPTION+33, 0, @GSCRIPT+551, 0, 0, 'Sure about the song?'),
(@GOPTION+33, 8, 8, 'PVP-Battle Grounds', 1, 1, @GOPTION+33, 0, @GSCRIPT+552, 0, 0, 'Sure about the song?'),
(@GOPTION+33, 9, 8, 'Intro-NagrandDimond', 1, 1, @GOPTION+33, 0, @GSCRIPT+553, 0, 0, 'Sure about the song?'),
(@GOPTION+33, 10, 8, 'Zone-NagrandDay', 1, 1, @GOPTION+33, 0, @GSCRIPT+554, 0, 0, 'Sure about the song?'),
(@GOPTION+33, 11, 8, 'Zone-NagrandNight', 1, 1, @GOPTION+33, 0, @GSCRIPT+555, 0, 0, 'Sure about the song?'),
(@GOPTION+33, 12, 8, 'Zone-NexusC', 1, 1, @GOPTION+33, 0, @GSCRIPT+556, 0, 0, 'Sure about the song?'),
(@GOPTION+33, 13, 8, 'Zone-NexusD', 1, 1, @GOPTION+33, 0, @GSCRIPT+557, 0, 0, 'Sure about the song?'),
(@GOPTION+33, 14, 8, 'Zone-NexusB', 1, 1, @GOPTION+33, 0, @GSCRIPT+558, 0, 0, 'Sure about the song?'),
(@GOPTION+33, 15, 4, 'Next page', 1, 1, @GOPTION+44, 0, 0, 0, 0, ''),
(@GOPTION+33, 16, 4, 'Back..', 1, 1, @GOPTION+36, 0, 0, 0, 0, ''),
(@GOPTION+34, 1, 8, 'AN_GeneralIntro_01.mp3', 1, 1, @GOPTION+34, 0, @GSCRIPT+575, 0, 0, 'Sure about the song?'),
(@GOPTION+34, 2, 8, 'AN_GeneralWalk_03.mp3', 1, 1, @GOPTION+34, 0, @GSCRIPT+576, 0, 0, 'Sure about the song?'),
(@GOPTION+34, 3, 8, 'AN_GeneralWalk_14.mp3', 1, 1, @GOPTION+34, 0, @GSCRIPT+577, 0, 0, 'Sure about the song?'),
(@GOPTION+34, 4, 8, 'BO_ColdarraWalkUni01.mp3', 1, 1, @GOPTION+34, 0, @GSCRIPT+578, 0, 0, 'Sure about the song?'),
(@GOPTION+34, 5, 8, 'BO_GeneralWalk_Day07.mp3', 1, 1, @GOPTION+34, 0, @GSCRIPT+579, 0, 0, 'Sure about the song?'),
(@GOPTION+34, 6, 8, 'BO_GeyserField_General01.mp3', 1, 1, @GOPTION+34, 0, @GSCRIPT+580, 0, 0, 'Sure about the song?'),
(@GOPTION+34, 7, 8, 'BO_Riplash_Day01.mp3', 1, 1, @GOPTION+34, 0, @GSCRIPT+581, 0, 0, 'Sure about the song?'),
(@GOPTION+34, 8, 8, 'BO_Tusk_KaskalaDay02.mp3', 1, 1, @GOPTION+34, 0, @GSCRIPT+582, 0, 0, 'Sure about the song?'),
(@GOPTION+34, 9, 8, 'CA_AspectsGeneralWalkADay01.mp3', 1, 1, @GOPTION+34, 0, @GSCRIPT+583, 0, 0, 'Sure about the song?'),
(@GOPTION+34, 10, 8, 'CA_AspectsIntroADay01.mp3', 1, 1, @GOPTION+34, 0, @GSCRIPT+584, 0, 0, 'Sure about the song?'),
(@GOPTION+34, 11, 8, 'CS_CrystalsongWalkUni01.mp3', 1, 1, @GOPTION+34, 0, @GSCRIPT+585, 0, 0, 'Sure about the song?'),
(@GOPTION+34, 12, 8, 'CT_StratholmePastAlleyEnd.mp3', 1, 1, @GOPTION+34, 0, @GSCRIPT+586, 0, 0, 'Sure about the song?'),
(@GOPTION+34, 13, 8, 'CT_StratholmePastOutdoorsWalkANight.mp3', 1, 1, @GOPTION+34, 0, @GSCRIPT+587, 0, 0, 'Sure about the song?'),
(@GOPTION+34, 14, 8, 'DB_GeneralIntro_01.mp3', 1, 1, @GOPTION+34, 0, @GSCRIPT+588, 0, 0, 'Sure about the song?'),
(@GOPTION+34, 15, 8, 'DB_GeneralWalk_Day06.mp3', 1, 1, @GOPTION+34, 0, @GSCRIPT+589, 0, 0, 'Sure about the song?'),
(@GOPTION+34, 16, 8, 'DB_GeneralWalk_Night08.mp3', 1, 1, @GOPTION+34, 0, @GSCRIPT+590, 0, 0, 'Sure about the song?'),
(@GOPTION+34, 17, 8, 'DC_GeneralWalkUni01.mp3', 1, 1, @GOPTION+34, 0, @GSCRIPT+591, 0, 0, 'Sure about the song?'),
(@GOPTION+34, 18, 8, 'EH_AssaultUni01.mp3', 1, 1, @GOPTION+34, 0, @GSCRIPT+592, 0, 0, 'Sure about the song?'),
(@GOPTION+34, 19, 8, 'GH_GeneralWalk_A_Day01.mp3', 1, 1, @GOPTION+34, 0, @GSCRIPT+593, 0, 0, 'Sure about the song?'),
(@GOPTION+34, 20, 8, 'GH_Intro1Uni01.mp3', 1, 1, @GOPTION+34, 0, @GSCRIPT+594, 0, 0, 'Sure about the song?'),
(@GOPTION+34, 21, 8, 'GH_WalkDay09.mp3', 1, 1, @GOPTION+34, 0, @GSCRIPT+595, 0, 0, 'Sure about the song?'),
(@GOPTION+34, 22, 8, 'HF_DistWalkUni01.mp3', 1, 1, @GOPTION+34, 0, @GSCRIPT+596, 0, 0, 'Sure about the song?'),
(@GOPTION+34, 23, 8, 'HF_GeneralWalk_Day01.mp3', 1, 1, @GOPTION+34, 0, @GSCRIPT+597, 0, 0, 'Sure about the song?'),
(@GOPTION+34, 24, 8, 'HF_Tusk_KamaguaNight01.mp3', 1, 1, @GOPTION+34, 0, @GSCRIPT+598, 0, 0, 'Sure about the song?'),
(@GOPTION+34, 25, 4, 'Next page', 1, 1, @GOPTION+45, 0, 0, 0, 0, ''),
(@GOPTION+34, 26, 4, 'Back..', 1, 1, @GOPTION+36, 0, 0, 0, 0, ''),
(@GOPTION+36, 1, 3, 'Grizzly Hills', 1, 1, @GOPTION+15, 0, 0, 0, 0, ''),
(@GOPTION+36, 2, 3, 'Ghostlands', 1, 1, @GOPTION+16, 0, 0, 0, 0, ''),
(@GOPTION+36, 3, 3, 'Eversong', 1, 1, @GOPTION+17, 0, 0, 0, 0, ''),
(@GOPTION+36, 4, 3, 'Dragonblight', 1, 1, @GOPTION+18, 0, 0, 0, 0, ''),
(@GOPTION+36, 5, 3, 'Dalaran', 1, 1, @GOPTION+19, 0, 0, 0, 0, ''),
(@GOPTION+36, 6, 3, 'Cursed Land', 1, 1, @GOPTION+20, 0, 0, 0, 0, ''),
(@GOPTION+36, 7, 3, 'Chamber Of The Aspects', 1, 1, @GOPTION+21, 0, 0, 0, 0, ''),
(@GOPTION+36, 8, 3, 'Caverns Of Time', 1, 1, @GOPTION+22, 0, 0, 0, 0, ''),
(@GOPTION+36, 9, 3, 'Music Borean Tundra', 1, 1, @GOPTION+23, 0, 0, 0, 0, ''),
(@GOPTION+36, 10, 3, 'Black Temple', 1, 1, @GOPTION+24, 0, 0, 0, 0, ''),
(@GOPTION+36, 11, 3, 'Barrens', 1, 1, @GOPTION+25, 0, 0, 0, 0, ''),
(@GOPTION+36, 12, 3, 'Azuremyst', 1, 1, @GOPTION+26, 0, 0, 0, 0, ''),
(@GOPTION+36, 13, 3, 'Azjol Nerub', 1, 1, @GOPTION+27, 0, 0, 0, 0, ''),
(@GOPTION+36, 14, 3, 'Ahn Qiraj', 1, 1, @GOPTION+28, 0, 0, 0, 0, ''),
(@GOPTION+36, 15, 3, 'Music', 1, 1, @GOPTION+29, 0, 0, 0, 0, ''),
(@GOPTION+36, 16, 3, 'Zul Drak', 1, 1, @GOPTION+30, 0, 0, 0, 0, ''),
(@GOPTION+36, 17, 3, 'Misc', 1, 1, @GOPTION+31, 0, 0, 0, 0, ''),
(@GOPTION+36, 18, 3, 'Ambience', 1, 1, @GOPTION+32, 0, 0, 0, 0, ''),
(@GOPTION+36, 19, 3, 'Minor categories', 1, 1, @GOPTION+33, 0, 0, 0, 0, ''),
(@GOPTION+36, 20, 3, 'Temp music', 1, 1, @GOPTION+34, 0, 0, 0, 0, ''),
(@GOPTION+36, 21, 4, 'Back..', 1, 1, @GOPTION, 0, 0, 0, 0, ''),
(@GOPTION+37, 1, 8, 'Zone-IcecrownSummitWalk', 1, 1, @GOPTION+37, 0, @GSCRIPT+36, 0, 0, 'Sure about the song?'),
(@GOPTION+37, 2, 8, 'Intro-PitofSaron', 1, 1, @GOPTION+37, 0, @GSCRIPT+37, 0, 0, 'Sure about the song?'),
(@GOPTION+37, 3, 8, 'Zone-PitofSaron', 1, 1, @GOPTION+37, 0, @GSCRIPT+38, 0, 0, 'Sure about the song?'),
(@GOPTION+37, 4, 8, 'Intro-PitofSaronEntry', 1, 1, @GOPTION+37, 0, @GSCRIPT+39, 0, 0, 'Sure about the song?'),
(@GOPTION+37, 5, 8, 'Zone-PitofSaronEntry', 1, 1, @GOPTION+37, 0, @GSCRIPT+40, 0, 0, 'Sure about the song?'),
(@GOPTION+37, 6, 8, 'Intro-IcecrownRaidFloor1Entry', 1, 1, @GOPTION+37, 0, @GSCRIPT+41, 0, 0, 'Sure about the song?'),
(@GOPTION+37, 7, 8, 'Intro-IcecrownRaidFloor2Intro', 1, 1, @GOPTION+37, 0, @GSCRIPT+42, 0, 0, 'Sure about the song?'),
(@GOPTION+37, 8, 8, 'Zone-IcecrownRaidFloor1Entry', 1, 1, @GOPTION+37, 0, @GSCRIPT+43, 0, 0, 'Sure about the song?'),
(@GOPTION+37, 9, 8, 'Zone-IcecrownRaidFloor2Intro', 1, 1, @GOPTION+37, 0, @GSCRIPT+44, 0, 0, 'Sure about the song?'),
(@GOPTION+37, 10, 8, 'Intro-IcecrownRaidFloor1Deathwhisper', 1, 1, @GOPTION+37, 0, @GSCRIPT+45, 0, 0, 'Sure about the song?'),
(@GOPTION+37, 11, 8, 'Intro-IcecrownRaidFloor2Plague', 1, 1, @GOPTION+37, 0, @GSCRIPT+46, 0, 0, 'Sure about the song?'),
(@GOPTION+37, 12, 8, 'Zone-IcecrownRaidFloor1Deathwhisper', 1, 1, @GOPTION+37, 0, @GSCRIPT+47, 0, 0, 'Sure about the song?'),
(@GOPTION+37, 13, 8, 'Zone-IcecrownRaidFloor2Plague', 1, 1, @GOPTION+37, 0, @GSCRIPT+48, 0, 0, 'Sure about the song?'),
(@GOPTION+37, 14, 8, 'Intro-PitofSaronTyrannus', 1, 1, @GOPTION+37, 0, @GSCRIPT+49, 0, 0, 'Sure about the song?'),
(@GOPTION+37, 15, 8, 'Zone-PitofSaronTyrannus', 1, 1, @GOPTION+37, 0, @GSCRIPT+50, 0, 0, 'Sure about the song?'),
(@GOPTION+37, 16, 8, 'Intro-IcecrownRaidFloor2Valithria', 1, 1, @GOPTION+37, 0, @GSCRIPT+51, 0, 0, 'Sure about the song?'),
(@GOPTION+37, 17, 8, 'Zone-IcecrownRaidFloor2Valithria', 1, 1, @GOPTION+37, 0, @GSCRIPT+52, 0, 0, 'Sure about the song?'),
(@GOPTION+37, 18, 8, 'Intro-IcecrownRaidFloor2Spire', 1, 1, @GOPTION+37, 0, @GSCRIPT+53, 0, 0, 'Sure about the song?'),
(@GOPTION+37, 19, 8, 'Zone-IcecrownRaidFloor2Spire', 1, 1, @GOPTION+37, 0, @GSCRIPT+54, 0, 0, 'Sure about the song?'),
(@GOPTION+37, 20, 8, 'Intro-IcecrownRaidFloor2Frost', 1, 1, @GOPTION+37, 0, @GSCRIPT+55, 0, 0, 'Sure about the song?'),
(@GOPTION+37, 21, 8, 'Zone-IcecrownRaidFloor2Frost', 1, 1, @GOPTION+37, 0, @GSCRIPT+56, 0, 0, 'Sure about the song?'),
(@GOPTION+37, 22, 8, 'Intro-IcecrownRaidFloor1Spire', 1, 1, @GOPTION+37, 0, @GSCRIPT+57, 0, 0, 'Sure about the song?'),
(@GOPTION+37, 23, 8, 'Zone-IcecrownRaidFloor1Spire', 1, 1, @GOPTION+37, 0, @GSCRIPT+58, 0, 0, 'Sure about the song?'),
(@GOPTION+37, 24, 4, 'Back..', 1, 1, @GOPTION+2, 0, 0, 0, 0, ''),
(@GOPTION+38, 1, 8, 'Ironforge Intro', 1, 1, @GOPTION+38, 0, @GSCRIPT+118, 0, 0, 'Sure about the song?'),
(@GOPTION+38, 2, 8, 'Zone-Ironforge Intro', 1, 1, @GOPTION+38, 0, @GSCRIPT+119, 0, 0, 'Sure about the song?'),
(@GOPTION+38, 3, 8, 'Zone-Ironforge', 1, 1, @GOPTION+38, 0, @GSCRIPT+120, 0, 0, 'Sure about the song?'),
(@GOPTION+38, 4, 8, 'Moment-KingsTheme', 1, 1, @GOPTION+38, 0, @GSCRIPT+121, 0, 0, 'Sure about the song?'),
(@GOPTION+38, 5, 8, 'Moment-Monestery', 1, 1, @GOPTION+38, 0, @GSCRIPT+122, 0, 0, 'Sure about the song?'),
(@GOPTION+38, 6, 8, 'Zone-Dwarf Outpost', 1, 1, @GOPTION+38, 0, @GSCRIPT+123, 0, 0, 'Sure about the song?'),
(@GOPTION+38, 7, 8, 'Zone-TinkerTown Intro', 1, 1, @GOPTION+38, 0, @GSCRIPT+124, 0, 0, 'Sure about the song?'),
(@GOPTION+38, 8, 8, 'Zone-Gnomeragon', 1, 1, @GOPTION+38, 0, @GSCRIPT+125, 0, 0, 'Sure about the song?'),
(@GOPTION+38, 9, 8, 'Moment-Darnassus Intro', 1, 1, @GOPTION+38, 0, @GSCRIPT+126, 0, 0, 'Sure about the song?'),
(@GOPTION+38, 10, 8, 'Zone-Darnassus', 1, 1, @GOPTION+38, 0, @GSCRIPT+127, 0, 0, 'Sure about the song?'),
(@GOPTION+38, 11, 8, 'Moment-Darnassus Walking03', 1, 1, @GOPTION+38, 0, @GSCRIPT+128, 0, 0, 'Sure about the song?'),
(@GOPTION+38, 12, 8, 'Moment-DruidGrove', 1, 1, @GOPTION+38, 0, @GSCRIPT+129, 0, 0, 'Sure about the song?'),
(@GOPTION+38, 13, 8, 'Moment-WarriorTerrace', 1, 1, @GOPTION+38, 0, @GSCRIPT+130, 0, 0, 'Sure about the song?'),
(@GOPTION+38, 14, 8, 'Zone-TavernUndead', 1, 1, @GOPTION+38, 0, @GSCRIPT+131, 0, 0, 'Sure about the song?'),
(@GOPTION+38, 15, 8, 'Zone-TavernTauren', 1, 1, @GOPTION+38, 0, @GSCRIPT+132, 0, 0, 'Sure about the song?'),
(@GOPTION+38, 16, 8, 'Zone-TavernPirate', 1, 1, @GOPTION+38, 0, @GSCRIPT+133, 0, 0, 'Sure about the song?'),
(@GOPTION+38, 17, 8, 'Zone-TavernOrc', 1, 1, @GOPTION+38, 0, @GSCRIPT+134, 0, 0, 'Sure about the song?'),
(@GOPTION+38, 18, 8, 'Zone-TavernTempleofTheMoon', 1, 1, @GOPTION+38, 0, @GSCRIPT+135, 0, 0, 'Sure about the song?'),
(@GOPTION+38, 19, 8, 'Zone-TavernAlliance', 1, 1, @GOPTION+38, 0, @GSCRIPT+136, 0, 0, 'Sure about the song?'),
(@GOPTION+38, 20, 8, 'Zone-TavernHorde', 1, 1, @GOPTION+38, 0, @GSCRIPT+137, 0, 0, 'Sure about the song?'),
(@GOPTION+38, 21, 8, 'Zone-TavernHorde01', 1, 1, @GOPTION+38, 0, @GSCRIPT+138, 0, 0, 'Sure about the song?'),
(@GOPTION+38, 22, 8, 'Zone-TavernDwarf01', 1, 1, @GOPTION+38, 0, @GSCRIPT+139, 0, 0, 'Sure about the song?'),
(@GOPTION+38, 23, 4, 'Back..', 1, 1, @GOPTION+6, 0, 0, 0, 0, ''),
(@GOPTION+39, 18, 8, 'Zone-NetherstormEco-Domes', 1, 1, @GOPTION+39, 0, @GSCRIPT+376, 0, 0, 'Sure about the song?'),
(@GOPTION+39, 19, 8, 'Zone-NexusE', 1, 1, @GOPTION+39, 0, @GSCRIPT+377, 0, 0, 'Sure about the song?'),
(@GOPTION+39, 20, 8, 'Zone-DraktharonAviry', 1, 1, @GOPTION+39, 0, @GSCRIPT+378, 0, 0, 'Sure about the song?'),
(@GOPTION+39, 21, 8, 'Zone-DraktharonGeneralWalk', 1, 1, @GOPTION+39, 0, @GSCRIPT+379, 0, 0, 'Sure about the song?'),
(@GOPTION+39, 22, 8, 'Zone-GundrakGeneralWalk', 1, 1, @GOPTION+39, 0, @GSCRIPT+380, 0, 0, 'Sure about the song?'),
(@GOPTION+39, 23, 8, 'Zone-GundrakPoolTwistedReflecti', 1, 1, @GOPTION+39, 0, @GSCRIPT+381, 0, 0, 'Sure about the song?'),
(@GOPTION+39, 24, 8, 'Zone-DraktharonDraknidLayer', 1, 1, @GOPTION+39, 0, @GSCRIPT+382, 0, 0, 'Sure about the song?'),
(@GOPTION+39, 25, 8, 'Zone-MagistersTerraceIntWalking', 1, 1, @GOPTION+39, 0, @GSCRIPT+383, 0, 0, 'Sure about the song?'),
(@GOPTION+39, 26, 8, 'Zone-MagistersTerraceWalking', 1, 1, @GOPTION+39, 0, @GSCRIPT+384, 0, 0, 'Sure about the song?'),
(@GOPTION+39, 27, 8, 'Zone-SunwellPlateauWalking', 1, 1, @GOPTION+39, 0, @GSCRIPT+385, 0, 0, 'Sure about the song?'),
(@GOPTION+39, 28, 8, 'Zone-SunwellPlateauIntWalk', 1, 1, @GOPTION+39, 0, @GSCRIPT+386, 0, 0, 'Sure about the song?'),
(@GOPTION+39, 29, 8, 'Zone-SunwellPlateauKilJaeden', 1, 1, @GOPTION+39, 0, @GSCRIPT+387, 0, 0, 'Sure about the song?'),
(@GOPTION+39, 30, 8, 'Zone-DraktharonOverlook', 1, 1, @GOPTION+39, 0, @GSCRIPT+388, 0, 0, 'Sure about the song?'),
(@GOPTION+39, 31, 8, 'Zone-DraktharonWarlordsTerrace', 1, 1, @GOPTION+39, 0, @GSCRIPT+389, 0, 0, 'Sure about the song?'),
(@GOPTION+39, 32, 8, 'Zone-GundrakChamberofAkali', 1, 1, @GOPTION+39, 0, @GSCRIPT+390, 0, 0, 'Sure about the song?'),
(@GOPTION+39, 33, 8, 'Zone-DraktharonRaptorPens', 1, 1, @GOPTION+39, 0, @GSCRIPT+391, 0, 0, 'Sure about the song?'),
(@GOPTION+39, 34, 8, 'Zone-DraktharonTempleForgotten', 1, 1, @GOPTION+39, 0, @GSCRIPT+392, 0, 0, 'Sure about the song?'),
(@GOPTION+39, 35, 8, 'Zone-GundrakCaveofMamtoth', 1, 1, @GOPTION+39, 0, @GSCRIPT+393, 0, 0, 'Sure about the song?'),
(@GOPTION+39, 36, 8, 'Zone-GundrakDenofSseratus', 1, 1, @GOPTION+39, 0, @GSCRIPT+394, 0, 0, 'Sure about the song?'),
(@GOPTION+39, 37, 4, 'Back..', 1, 1, @GOPTION+29, 0, 0, 0, 0, ''),
(@GOPTION+40, 1, 8, 'CrystalSongForest', 1, 1, @GOPTION+40, 0, @GSCRIPT+441, 0, 0, 'Sure about the song?'),
(@GOPTION+40, 2, 8, 'DalaranCityDay', 1, 1, @GOPTION+40, 0, @GSCRIPT+442, 0, 0, 'Sure about the song?'),
(@GOPTION+40, 3, 8, 'DalaranCityNight', 1, 1, @GOPTION+40, 0, @GSCRIPT+443, 0, 0, 'Sure about the song?'),
(@GOPTION+40, 4, 8, 'DarkPortal', 1, 1, @GOPTION+40, 0, @GSCRIPT+444, 0, 0, 'Sure about the song?'),
(@GOPTION+40, 5, 8, 'test - DarkPortal', 1, 1, @GOPTION+40, 0, @GSCRIPT+445, 0, 0, 'Sure about the song?'),
(@GOPTION+40, 6, 8, 'DeadMines', 1, 1, @GOPTION+40, 0, @GSCRIPT+446, 0, 0, 'Sure about the song?'),
(@GOPTION+40, 7, 8, 'DeadWindPassDay', 1, 1, @GOPTION+40, 0, @GSCRIPT+447, 0, 0, 'Sure about the song?'),
(@GOPTION+40, 8, 8, 'DeadWindPassNight', 1, 1, @GOPTION+40, 0, @GSCRIPT+448, 0, 0, 'Sure about the song?'),
(@GOPTION+40, 9, 8, 'DragonblightEmeraldDragonShrine', 1, 1, @GOPTION+40, 0, @GSCRIPT+449, 0, 0, 'Sure about the song?'),
(@GOPTION+40, 10, 8, 'DragonBlightGeneralDay', 1, 1, @GOPTION+40, 0, @GSCRIPT+450, 0, 0, 'Sure about the song?'),
(@GOPTION+40, 11, 8, 'DragonBlightGeneralNight', 1, 1, @GOPTION+40, 0, @GSCRIPT+451, 0, 0, 'Sure about the song?'),
(@GOPTION+40, 12, 8, 'DragonblightPlainsNightday', 1, 1, @GOPTION+40, 0, @GSCRIPT+452, 0, 0, 'Sure about the song?'),
(@GOPTION+40, 13, 8, 'EbonHoldStage1_Day', 1, 1, @GOPTION+40, 0, @GSCRIPT+453, 0, 0, 'Sure about the song?'),
(@GOPTION+40, 14, 8, 'EbonHoldStage1_Night', 1, 1, @GOPTION+40, 0, @GSCRIPT+454, 0, 0, 'Sure about the song?'),
(@GOPTION+40, 15, 8, 'EbonHoldStage2', 1, 1, @GOPTION+40, 0, @GSCRIPT+455, 0, 0, 'Sure about the song?'),
(@GOPTION+40, 16, 8, 'EbonHoldStage3', 1, 1, @GOPTION+40, 0, @GSCRIPT+456, 0, 0, 'Sure about the song?'),
(@GOPTION+40, 17, 8, 'EbonHoldStage4', 1, 1, @GOPTION+40, 0, @GSCRIPT+457, 0, 0, 'Sure about the song?'),
(@GOPTION+40, 18, 8, 'EcoDomeAll', 1, 1, @GOPTION+40, 0, @GSCRIPT+458, 0, 0, 'Sure about the song?'),
(@GOPTION+40, 19, 8, 'ForestEnchantedDay', 1, 1, @GOPTION+40, 0, @GSCRIPT+459, 0, 0, 'Sure about the song?'),
(@GOPTION+40, 20, 8, 'ForestEnchantedNight', 1, 1, @GOPTION+40, 0, @GSCRIPT+460, 0, 0, 'Sure about the song?'),
(@GOPTION+40, 21, 8, 'GlueScreenNightElf', 1, 1, @GOPTION+40, 0, @GSCRIPT+461, 0, 0, 'Sure about the song?'),
(@GOPTION+40, 22, 8, 'EversongDay', 1, 1, @GOPTION+40, 0, @GSCRIPT+462, 0, 0, 'Sure about the song?'),
(@GOPTION+40, 23, 8, 'EversongNight', 1, 1, @GOPTION+40, 0, @GSCRIPT+463, 0, 0, 'Sure about the song?'),
(@GOPTION+40, 24, 8, 'ForestEnchantedDarkDay', 1, 1, @GOPTION+40, 0, @GSCRIPT+464, 0, 0, 'Sure about the song?'),
(@GOPTION+40, 25, 8, 'ForestEnchantedDarkNight', 1, 1, @GOPTION+40, 0, @GSCRIPT+465, 0, 0, 'Sure about the song?'),
(@GOPTION+40, 26, 4, 'Next page', 1, 1, @GOPTION+41, 0, 0, 0, 0, ''),
(@GOPTION+40, 27, 4, 'Back..', 1, 1, @GOPTION+32, 0, 0, 0, 0, ''),
(@GOPTION+41, 1, 8, 'ForestHighDay', 1, 1, @GOPTION+41, 0, @GSCRIPT+466, 0, 0, 'Sure about the song?'),
(@GOPTION+41, 2, 8, 'ForestHighNight', 1, 1, @GOPTION+41, 0, @GSCRIPT+467, 0, 0, 'Sure about the song?'),
(@GOPTION+41, 3, 8, 'ForestNormalDay', 1, 1, @GOPTION+41, 0, @GSCRIPT+468, 0, 0, 'Sure about the song?'),
(@GOPTION+41, 4, 8, 'GlueScreenHuman', 1, 1, @GOPTION+41, 0, @GSCRIPT+469, 0, 0, 'Sure about the song?'),
(@GOPTION+41, 5, 8, 'ForestNormalNight', 1, 1, @GOPTION+41, 0, @GSCRIPT+470, 0, 0, 'Sure about the song?'),
(@GOPTION+41, 6, 8, 'GarassLandsNight', 1, 1, @GOPTION+41, 0, @GSCRIPT+471, 0, 0, 'Sure about the song?'),
(@GOPTION+41, 7, 8, 'ForestScaryDay', 1, 1, @GOPTION+41, 0, @GSCRIPT+472, 0, 0, 'Sure about the song?'),
(@GOPTION+41, 8, 8, 'ForestScaryNight', 1, 1, @GOPTION+41, 0, @GSCRIPT+473, 0, 0, 'Sure about the song?'),
(@GOPTION+41, 9, 8, 'GlueScreenUndead', 1, 1, @GOPTION+41, 0, @GSCRIPT+474, 0, 0, 'Sure about the song?'),
(@GOPTION+41, 10, 8, 'ForestSnowDay', 1, 1, @GOPTION+41, 0, @GSCRIPT+475, 0, 0, 'Sure about the song?'),
(@GOPTION+41, 11, 8, 'GlueScreenDwarfGnome', 1, 1, @GOPTION+41, 0, @GSCRIPT+476, 0, 0, 'Sure about the song?'),
(@GOPTION+41, 12, 8, 'ForestSnowNight', 1, 1, @GOPTION+41, 0, @GSCRIPT+477, 0, 0, 'Sure about the song?'),
(@GOPTION+41, 13, 8, 'GhostlandsDay', 1, 1, @GOPTION+41, 0, @GSCRIPT+478, 0, 0, 'Sure about the song?'),
(@GOPTION+41, 14, 8, 'GhostlandsDay2', 1, 1, @GOPTION+41, 0, @GSCRIPT+479, 0, 0, 'Sure about the song?'),
(@GOPTION+41, 15, 8, 'GhostlandsNight', 1, 1, @GOPTION+41, 0, @GSCRIPT+480, 0, 0, 'Sure about the song?'),
(@GOPTION+41, 16, 8, 'GhostlandsNight2', 1, 1, @GOPTION+41, 0, @GSCRIPT+481, 0, 0, 'Sure about the song?'),
(@GOPTION+41, 17, 8, 'GlueScreenTauren', 1, 1, @GOPTION+41, 0, @GSCRIPT+482, 0, 0, 'Sure about the song?'),
(@GOPTION+41, 18, 8, 'GrasslandsDay', 1, 1, @GOPTION+41, 0, @GSCRIPT+483, 0, 0, 'Sure about the song?'),
(@GOPTION+41, 19, 8, 'GrizzlyHillsDayGeneral', 1, 1, @GOPTION+41, 0, @GSCRIPT+484, 0, 0, 'Sure about the song?'),
(@GOPTION+41, 20, 8, 'GrizzlyHillsLumberNightDay', 1, 1, @GOPTION+41, 0, @GSCRIPT+485, 0, 0, 'Sure about the song?'),
(@GOPTION+41, 21, 8, 'GrizzlyHillsNightGeneral', 1, 1, @GOPTION+41, 0, @GSCRIPT+486, 0, 0, 'Sure about the song?'),
(@GOPTION+41, 22, 8, 'GrizzlyHillsOpenDay', 1, 1, @GOPTION+41, 0, @GSCRIPT+487, 0, 0, 'Sure about the song?'),
(@GOPTION+41, 23, 8, 'GrizzlyHillsOpenNight', 1, 1, @GOPTION+41, 0, @GSCRIPT+488, 0, 0, 'Sure about the song?'),
(@GOPTION+41, 24, 8, 'Hellfire', 1, 1, @GOPTION+41, 0, @GSCRIPT+489, 0, 0, 'Sure about the song?'),
(@GOPTION+41, 25, 8, 'HowlingFjordColdNightDay', 1, 1, @GOPTION+41, 0, @GSCRIPT+490, 0, 0, 'Sure about the song?'),
(@GOPTION+41, 26, 4, 'Next page', 1, 1, @GOPTION+42, 0, 0, 0, 0, ''),
(@GOPTION+41, 27, 4, 'Back..', 1, 1, @GOPTION+40, 0, 0, 0, 0, ''),
(@GOPTION+42, 1, 8, 'HowlingFjordDay', 1, 1, @GOPTION+42, 0, @GSCRIPT+491, 0, 0, 'Sure about the song?'),
(@GOPTION+42, 2, 8, 'EmberGulch', 1, 1, @GOPTION+42, 0, @GSCRIPT+492, 0, 0, 'Sure about the song?'),
(@GOPTION+42, 3, 8, 'HowlingFjordNight', 1, 1, @GOPTION+42, 0, @GSCRIPT+493, 0, 0, 'Sure about the song?'),
(@GOPTION+42, 4, 8, 'HyjalPastDay', 1, 1, @GOPTION+42, 0, @GSCRIPT+494, 0, 0, 'Sure about the song?'),
(@GOPTION+42, 5, 8, 'HyjalPastNight', 1, 1, @GOPTION+42, 0, @GSCRIPT+495, 0, 0, 'Sure about the song?'),
(@GOPTION+42, 6, 8, 'IceCrownGlacier', 1, 1, @GOPTION+42, 0, @GSCRIPT+496, 0, 0, 'Sure about the song?'),
(@GOPTION+42, 7, 8, 'JungleDay', 1, 1, @GOPTION+42, 0, @GSCRIPT+497, 0, 0, 'Sure about the song?'),
(@GOPTION+42, 8, 8, 'JungleNight', 1, 1, @GOPTION+42, 0, @GSCRIPT+498, 0, 0, 'Sure about the song?'),
(@GOPTION+42, 9, 8, 'LakeWintergraspDay', 1, 1, @GOPTION+42, 0, @GSCRIPT+499, 0, 0, 'Sure about the song?'),
(@GOPTION+42, 10, 8, 'LakeWintergraspNight', 1, 1, @GOPTION+42, 0, @GSCRIPT+500, 0, 0, 'Sure about the song?'),
(@GOPTION+42, 11, 8, 'MarshDay', 1, 1, @GOPTION+42, 0, @GSCRIPT+501, 0, 0, 'Sure about the song?'),
(@GOPTION+42, 12, 8, 'MarshNight', 1, 1, @GOPTION+42, 0, @GSCRIPT+502, 0, 0, 'Sure about the song?'),
(@GOPTION+42, 13, 8, 'NagrandDay', 1, 1, @GOPTION+42, 0, @GSCRIPT+503, 0, 0, 'Sure about the song?'),
(@GOPTION+42, 14, 8, 'NagrandNight', 1, 1, @GOPTION+42, 0, @GSCRIPT+504, 0, 0, 'Sure about the song?'),
(@GOPTION+42, 15, 8, 'NetherStorm1', 1, 1, @GOPTION+42, 0, @GSCRIPT+505, 0, 0, 'Sure about the song?'),
(@GOPTION+42, 16, 8, 'NewHearthglen', 1, 1, @GOPTION+42, 0, @GSCRIPT+506, 0, 0, 'Sure about the song?'),
(@GOPTION+42, 17, 8, 'NothrendCoastDayNight', 1, 1, @GOPTION+42, 0, @GSCRIPT+507, 0, 0, 'Sure about the song?'),
(@GOPTION+42, 18, 8, 'NorthrendScourgeGeneral', 1, 1, @GOPTION+42, 0, @GSCRIPT+508, 0, 0, 'Sure about the song?'),
(@GOPTION+42, 19, 8, 'PlagueLandsDay', 1, 1, @GOPTION+42, 0, @GSCRIPT+509, 0, 0, 'Sure about the song?'),
(@GOPTION+42, 20, 8, 'PlagueLandsNight', 1, 1, @GOPTION+42, 0, @GSCRIPT+510, 0, 0, 'Sure about the song?'),
(@GOPTION+42, 21, 8, 'PlainsDesertDay', 1, 1, @GOPTION+42, 0, @GSCRIPT+511, 0, 0, 'Sure about the song?'),
(@GOPTION+42, 22, 8, 'PlainsDesertNight', 1, 1, @GOPTION+42, 0, @GSCRIPT+512, 0, 0, 'Sure about the song?'),
(@GOPTION+42, 23, 8, 'SaltFlatsDay', 1, 1, @GOPTION+42, 0, @GSCRIPT+513, 0, 0, 'Sure about the song?'),
(@GOPTION+42, 24, 8, 'SaltFlatsNight', 1, 1, @GOPTION+42, 0, @GSCRIPT+514, 0, 0, 'Sure about the song?'),
(@GOPTION+42, 25, 8, 'ScorchLineDay', 1, 1, @GOPTION+42, 0, @GSCRIPT+515, 0, 0, 'Sure about the song?'),
(@GOPTION+42, 26, 4, 'Next page', 1, 1, @GOPTION+43, 0, 0, 0, 0, ''),
(@GOPTION+42, 27, 4, 'Back..', 1, 1, @GOPTION+41, 0, 0, 0, 0, ''),
(@GOPTION+43, 1, 8, 'ScorchLineNight', 1, 1, @GOPTION+43, 0, @GSCRIPT+516, 0, 0, 'Sure about the song?'),
(@GOPTION+43, 2, 8, 'ShadowFang', 1, 1, @GOPTION+43, 0, @GSCRIPT+517, 0, 0, 'Sure about the song?'),
(@GOPTION+43, 3, 8, 'ShadowmoonValley1', 1, 1, @GOPTION+43, 0, @GSCRIPT+518, 0, 0, 'Sure about the song?'),
(@GOPTION+43, 4, 8, 'ShalandisIsle', 1, 1, @GOPTION+43, 0, @GSCRIPT+519, 0, 0, 'Sure about the song?'),
(@GOPTION+43, 5, 8, 'Shattrath', 1, 1, @GOPTION+43, 0, @GSCRIPT+520, 0, 0, 'Sure about the song?'),
(@GOPTION+43, 6, 8, 'SholazarBasinDay', 1, 1, @GOPTION+43, 0, @GSCRIPT+521, 0, 0, 'Sure about the song?'),
(@GOPTION+43, 7, 8, 'SholazarBasinNight', 1, 1, @GOPTION+43, 0, @GSCRIPT+522, 0, 0, 'Sure about the song?'),
(@GOPTION+43, 8, 8, 'SilvermoonRuinsDay', 1, 1, @GOPTION+43, 0, @GSCRIPT+523, 0, 0, 'Sure about the song?'),
(@GOPTION+43, 9, 8, 'SilvermoonRuinsNight', 1, 1, @GOPTION+43, 0, @GSCRIPT+524, 0, 0, 'Sure about the song?'),
(@GOPTION+43, 10, 8, 'StonewroughtDam', 1, 1, @GOPTION+43, 0, @GSCRIPT+525, 0, 0, 'Sure about the song?'),
(@GOPTION+43, 11, 8, 'StormPeaksDayNight', 1, 1, @GOPTION+43, 0, @GSCRIPT+526, 0, 0, 'Sure about the song?'),
(@GOPTION+43, 12, 8, 'TerokkarDay', 1, 1, @GOPTION+43, 0, @GSCRIPT+527, 0, 0, 'Sure about the song?'),
(@GOPTION+43, 13, 8, 'TerokkarNight', 1, 1, @GOPTION+43, 0, @GSCRIPT+528, 0, 0, 'Sure about the song?'),
(@GOPTION+43, 14, 8, 'TheEyeofEternity', 1, 1, @GOPTION+43, 0, @GSCRIPT+529, 0, 0, 'Sure about the song?'),
(@GOPTION+43, 15, 8, 'TheVibrantGlade', 1, 1, @GOPTION+43, 0, @GSCRIPT+530, 0, 0, 'Sure about the song?'),
(@GOPTION+43, 16, 8, 'UlduarRaid_FreyaExt', 1, 1, @GOPTION+43, 0, @GSCRIPT+531, 0, 0, 'Sure about the song?'),
(@GOPTION+43, 17, 8, 'ValianceKeep', 1, 1, @GOPTION+43, 0, @GSCRIPT+532, 0, 0, 'Sure about the song?'),
(@GOPTION+43, 18, 8, 'VolcanicDay', 1, 1, @GOPTION+43, 0, @GSCRIPT+533, 0, 0, 'Sure about the song?'),
(@GOPTION+43, 19, 8, 'VolcanicNight', 1, 1, @GOPTION+43, 0, @GSCRIPT+534, 0, 0, 'Sure about the song?'),
(@GOPTION+43, 20, 8, 'WestfallDay', 1, 1, @GOPTION+43, 0, @GSCRIPT+535, 0, 0, 'Sure about the song?'),
(@GOPTION+43, 21, 8, 'WestfallNight', 1, 1, @GOPTION+43, 0, @GSCRIPT+536, 0, 0, 'Sure about the song?'),
(@GOPTION+43, 22, 8, 'SwampDay', 1, 1, @GOPTION+43, 0, @GSCRIPT+537, 0, 0, 'Sure about the song?'),
(@GOPTION+43, 23, 8, 'SwampNight', 1, 1, @GOPTION+43, 0, @GSCRIPT+538, 0, 0, 'Sure about the song?'),
(@GOPTION+43, 24, 8, 'WhisperGulchNightDay', 1, 1, @GOPTION+43, 0, @GSCRIPT+539, 0, 0, 'Sure about the song?'),
(@GOPTION+43, 25, 8, 'ZangarMarsh1', 1, 1, @GOPTION+43, 0, @GSCRIPT+540, 0, 0, 'Sure about the song?'),
(@GOPTION+43, 26, 8, 'ZangarMarsh2', 1, 1, @GOPTION+43, 0, @GSCRIPT+541, 0, 0, 'Sure about the song?'),
(@GOPTION+43, 27, 8, 'ZangarMarsh3', 1, 1, @GOPTION+43, 0, @GSCRIPT+542, 0, 0, 'Sure about the song?'),
(@GOPTION+43, 28, 8, 'ZulDrakGeneralDay', 1, 1, @GOPTION+43, 0, @GSCRIPT+543, 0, 0, 'Sure about the song?'),
(@GOPTION+43, 29, 8, 'ZulDrakGeneralNight', 1, 1, @GOPTION+43, 0, @GSCRIPT+544, 0, 0, 'Sure about the song?'),
(@GOPTION+43, 30, 4, 'Back..', 1, 1, @GOPTION+42, 0, 0, 0, 0, ''),
(@GOPTION+44, 1, 8, 'Zone-WintergraspCombat', 1, 1, @GOPTION+44, 0, @GSCRIPT+559, 0, 0, 'Sure about the song?'),
(@GOPTION+44, 2, 8, 'Zone-WintergraspContested', 1, 1, @GOPTION+44, 0, @GSCRIPT+560, 0, 0, 'Sure about the song?'),
(@GOPTION+44, 3, 8, 'Zone-UtgardeE', 1, 1, @GOPTION+44, 0, @GSCRIPT+561, 0, 0, 'Sure about the song?'),
(@GOPTION+44, 4, 8, 'Zone-HowlingFjordDay', 1, 1, @GOPTION+44, 0, @GSCRIPT+562, 0, 0, 'Sure about the song?'),
(@GOPTION+44, 5, 8, 'Zone-HowlingFjordNight', 1, 1, @GOPTION+44, 0, @GSCRIPT+563, 0, 0, 'Sure about the song?'),
(@GOPTION+44, 6, 8, 'Momment-BloodmystNaga', 1, 1, @GOPTION+44, 0, @GSCRIPT+564, 0, 0, 'Sure about the song?'),
(@GOPTION+44, 7, 8, 'Intro-BloodmystNaga', 1, 1, @GOPTION+44, 0, @GSCRIPT+565, 0, 0, 'Sure about the song?'),
(@GOPTION+44, 8, 8, 'Zone-BloodmystSatyrWalkingUni', 1, 1, @GOPTION+44, 0, @GSCRIPT+566, 0, 0, 'Sure about the song?'),
(@GOPTION+44, 9, 8, 'Zone-BladesedgeDryForest', 1, 1, @GOPTION+44, 0, @GSCRIPT+567, 0, 0, 'Sure about the song?'),
(@GOPTION+44, 10, 8, 'Zone-BladesEdge', 1, 1, @GOPTION+44, 0, @GSCRIPT+568, 0, 0, 'Sure about the song?'),
(@GOPTION+44, 11, 8, 'Zone-BladesEdge OgreWalking', 1, 1, @GOPTION+44, 0, @GSCRIPT+569, 0, 0, 'Sure about the song?'),
(@GOPTION+44, 12, 8, 'Zone-ZulamanWalkingUni', 1, 1, @GOPTION+44, 0, @GSCRIPT+570, 0, 0, 'Sure about the song?'),
(@GOPTION+44, 13, 8, 'Zone-ZulamanBosses', 1, 1, @GOPTION+44, 0, @GSCRIPT+571, 0, 0, 'Sure about the song?'),
(@GOPTION+44, 14, 8, 'Event_ZulamanCelebration', 1, 1, @GOPTION+44, 0, @GSCRIPT+572, 0, 0, 'Sure about the song?'),
(@GOPTION+44, 15, 8, 'Zone-ZangarmarshCoilfangWalk', 1, 1, @GOPTION+44, 0, @GSCRIPT+573, 0, 0, 'Sure about the song?'),
(@GOPTION+44, 16, 8, 'Zone-ZangarMarsh', 1, 1, @GOPTION+44, 0, @GSCRIPT+574, 0, 0, 'Sure about the song?'),
(@GOPTION+44, 17, 4, 'Back..', 1, 1, @GOPTION+33, 0, 0, 0, 0, ''),
(@GOPTION+45, 1, 8, 'IC_GeneralIntro_01.mp3', 1, 1, @GOPTION+45, 0, @GSCRIPT+599, 0, 0, 'Sure about the song?'),
(@GOPTION+45, 2, 8, 'IC_GeneralWalk_Night04.mp3', 1, 1, @GOPTION+45, 0, @GSCRIPT+600, 0, 0, 'Sure about the song?'),
(@GOPTION+45, 3, 8, 'NR_Dwarf_GeneralWalkA_Day01.mp3', 1, 1, @GOPTION+45, 0, @GSCRIPT+601, 0, 0, 'Sure about the song?'),
(@GOPTION+45, 4, 8, 'NR_Dwarf_GeneralWalkCDark_Uni04.mp3', 1, 1, @GOPTION+45, 0, @GSCRIPT+602, 0, 0, 'Sure about the song?'),
(@GOPTION+45, 5, 8, 'NR_NorthrendTransportGeneralDay.mp3', 1, 1, @GOPTION+45, 0, @GSCRIPT+603, 0, 0, 'Sure about the song?'),
(@GOPTION+45, 6, 8, 'NR_Orc_General_Intro01.mp3', 1, 1, @GOPTION+45, 0, @GSCRIPT+604, 0, 0, 'Sure about the song?'),
(@GOPTION+45, 7, 8, 'NR_Taunka_GeneralWalkA_Day01.mp3', 1, 1, @GOPTION+45, 0, @GSCRIPT+605, 0, 0, 'Sure about the song?'),
(@GOPTION+45, 8, 8, 'NR_Taunka_GeneralWalkE_Uni03.mp3', 1, 1, @GOPTION+45, 0, @GSCRIPT+606, 0, 0, 'Sure about the song?'),
(@GOPTION+45, 9, 8, 'NR_Troll_General01.mp3', 1, 1, @GOPTION+45, 0, @GSCRIPT+607, 0, 0, 'Sure about the song?'),
(@GOPTION+45, 10, 8, 'NZ_NexusActionWalkUni01.mp3', 1, 1, @GOPTION+45, 0, @GSCRIPT+608, 0, 0, 'Sure about the song?'),
(@GOPTION+45, 11, 8, 'NZ_NexusQuietWalkUni02.mp3', 1, 1, @GOPTION+45, 0, @GSCRIPT+609, 0, 0, 'Sure about the song?'),
(@GOPTION+45, 12, 8, 'SB_CrystalsWalkUni01.mp3', 1, 1, @GOPTION+45, 0, @GSCRIPT+610, 0, 0, 'Sure about the song?'),
(@GOPTION+45, 13, 8, 'SB_MakersTerraceWalkUni02.mp3', 1, 1, @GOPTION+45, 0, @GSCRIPT+611, 0, 0, 'Sure about the song?'),
(@GOPTION+45, 14, 8, 'SB_SholazarWalkNight02.mp3', 1, 1, @GOPTION+45, 0, @GSCRIPT+612, 0, 0, 'Sure about the song?'),
(@GOPTION+45, 15, 8, 'SP_GeneralWalkA_Day01.mp3', 1, 1, @GOPTION+45, 0, @GSCRIPT+613, 0, 0, 'Sure about the song?'),
(@GOPTION+45, 16, 8, 'SP_GeneralWalkD_Night04.mp3', 1, 1, @GOPTION+45, 0, @GSCRIPT+614, 0, 0, 'Sure about the song?'),
(@GOPTION+45, 17, 8, 'SP_TempleOfStormsActionUni01.mp3', 1, 1, @GOPTION+45, 0, @GSCRIPT+615, 0, 0, 'Sure about the song?'),
(@GOPTION+45, 18, 8, 'tempmono.wav', 1, 1, @GOPTION+45, 0, @GSCRIPT+616, 0, 0, 'Sure about the song?'),
(@GOPTION+45, 19, 8, 'UK_GeneralWalkUni01.mp3', 1, 1, @GOPTION+45, 0, @GSCRIPT+617, 0, 0, 'Sure about the song?'),
(@GOPTION+45, 20, 8, 'UL_LightningBattleWalk.mp3', 1, 1, @GOPTION+45, 0, @GSCRIPT+618, 0, 0, 'Sure about the song?'),
(@GOPTION+45, 21, 8, 'VH_GeneralWalkUni01.mp3', 1, 1, @GOPTION+45, 0, @GSCRIPT+619, 0, 0, 'Sure about the song?'),
(@GOPTION+45, 22, 8, 'WG_Contested_01.mp3', 1, 1, @GOPTION+45, 0, @GSCRIPT+620, 0, 0, 'Sure about the song?'),
(@GOPTION+45, 23, 8, 'ZD_GeneralIntro_01.mp3', 1, 1, @GOPTION+45, 0, @GSCRIPT+621, 0, 0, 'Sure about the song?'),
(@GOPTION+45, 24, 8, 'ZD_GeneralWalk_Night01.mp3', 1, 1, @GOPTION+45, 0, @GSCRIPT+622, 0, 0, 'Sure about the song?'),
(@GOPTION+45, 25, 8, 'ZD_Rhunok_Intro01.mp3', 1, 1, @GOPTION+45, 0, @GSCRIPT+623, 0, 0, 'Sure about the song?'),
(@GOPTION+45, 26, 4, 'Back..', 1, 1, @GOPTION+34, 0, 0, 0, 0, '');

-- -----------------------------------------------------------------------------------------------------------------------------

-- # Jukebox
-- # By Rochet2
-- # Downloaded from http://code.google.com/p/teleportnpcmangostrinity/
-- # Bugs and contact with E-mail: Rochet2@post.com
-- # Success